X1,X2,X3,X4,X5,X6,X7,X8,X9,X10
1.462107937044974,0.16263367021512987,-0.5110851132672052,0.8884061688931036,1.693809113288081,-4.582325098385276,-3.6364966938767482,1.6115140359551463,10.49018140150617,-5.504884703601519
-2.060140709497654,-0.6678640008987455,1.8848442814852133,0.6411704174318755,0.19686977925029145,-2.0873512032395,-5.969630444548117,-0.2028328360880558,13.24809240549135,-2.256147227432483
-0.3224172040135075,-1.3021951435184231,2.79234784899026,2.5266015034636684,0.1698692553475717,-1.332960142245228,-7.689159329614772,1.3626613784389465,12.872114253948364,-1.8668847188040563
-0.38405435466841564,1.258197596271658,-2.4689882100648455,-0.8258810600470151,-1.1640079711612021,0.8044594713124109,4.555324684823861,-0.5161490422310557,-9.65504191040614,2.1835907690377234
1.1337694423354374,1.1903745392782432,-2.797702305808643,-0.622568395814755,0.6933662256603845,-1.3876908516807043,4.22629846275246,-0.7117702976643941,-7.729033133813847,-3.6596404855992937
-1.0998912673140309,0.1273189914820908,-0.12279743410107694,-0.3740444084011135,-0.7580673285562323,1.2237947533362905,1.1346007659295338,-1.6674140969461102,-2.825443352195866,2.1942852785987483
-0.17242820755043575,0.6160339761661661,-3.2646795692381216,0.9893345878841177,-0.8088471964721285,0.754791416970404,3.7191721771371875,0.6905011132620391,-7.576776742384686,1.2882389460812766
-0.8778584179213718,-1.2135195570831707,1.978162274230644,-1.1439996261635086,0.5574394528580334,0.23408762057492516,-2.266024655654411,0.12831546741097336,2.817662361395527,1.502364951067158
0.04221374671559283,-1.9579330066376002,2.1110266350392672,1.0152463604044928,0.18103874435787085,-1.5840611907907518,-4.024266015293217,1.1421282088505273,11.362725044541437,-0.5206038466679439
0.5828152137158222,-1.367467028794763,3.004007289232722,0.7761607644225256,1.1071754509490623,-2.4521958071135095,-6.728353947717421,0.9264342511821573,16.193711354902522,-1.6278521100350047
-1.1006191772129212,0.008121166041106298,0.3384218697412376,-1.5368418950995832,1.4428769284963092,-2.9961372226266185,-2.918163813620609,-0.5381410660335622,9.018801075434213,-4.9526123718846335
1.1447237098396141,-0.9013238998557322,1.0061701951904773,-0.08205314571922784,-0.5396815622024924,1.12862181332942,-0.0946218106455673,0.8503614692376936,-0.6405128551854662,2.4641500276218196
0.9015907205927955,-0.5293628257454748,1.8597910768423662,-1.7535715588272236,0.12837699015594436,1.4489464100021874,-0.9930073363768559,1.6084590716047187,2.464733413235266,1.8379547728410253
0.5024943389018682,-0.6577983242606399,1.7111262574046795,0.7104884472093864,1.7604151835753223,-4.118577380570695,-6.218231358786081,2.41159912614999,16.55875602270932,-4.808625132487523
0.9008559492644118,0.3802962620627805,-0.46684645161526267,-1.7059162791149796,0.9665392502290573,-0.40468619279403545,2.8791285947238823,0.507583410812046,-5.156518045908831,0.4950896368182294
-0.6837278591743331,1.6544844196604924,-3.66961577444293,-0.9382902416996125,0.7130490503032691,-0.6637155369838265,4.708533581016202,0.1427904373454015,-8.794471382898207,-1.3627334401223243
-0.12289022551864817,0.07698620098117936,0.3188558228530825,-0.32265235312450646,1.3062060651354486,-2.6142851388352266,-2.6991380871581274,0.3385668446751535,8.883330254437364,-4.4337942855375685
-0.9357694342590688,2.340590574302157,-3.625903294490887,-2.6833475821626758,-0.604602969164376,2.739810981850307,4.79072141327349,-0.33324548868875925,-12.34199868544848,3.8871209397499658
-0.2678880796260159,-0.54548944705507,0.4302861423265043,-1.1224806273737276,0.6365834094146309,-0.7050293776545111,-0.2662180414821337,-0.7498530110697369,3.490757891735618,-0.4877585511379634
0.530355466738186,-0.7011347276388007,0.5851042607917797,-0.12848185304838977,1.4092533893640082,-4.558999731311346,-2.444658606322609,1.5573424182092075,10.267504861839194,-6.510382458443955
-0.691660751725309,0.6173051531592574,-0.045317132603570176,-0.17746066588892367,1.6209122856217475,-4.453788302995971,-3.158731580463236,0.7349526961198678,10.785040638772042,-6.5437688360007265
-0.39675352685597737,-0.22311151286790418,-1.8723075253057249,0.05096032119269575,-0.8061848173822241,1.9254229150408955,3.1414086600526123,0.15440915263017221,-5.5447605167685365,2.3684175102697713
-0.6871727001195994,1.4051331080928162,-5.426913463203234,-0.44475238706003917,-0.2516742076314244,-1.3378206884759205,3.965235462505423,1.4185656279228402,-4.677015763774573,-2.4953620639823066
-0.8452056414987196,-0.36057393621533446,-1.0937441774489698,-0.503235379131703,0.3827151737243639,0.7457552618215268,1.2879321172186486,0.761595660034828,-1.6237120841663302,1.33188238993905
-0.671246130836819,1.5454886182606118,-2.908529146778005,0.384022484772087,-0.2889973430098159,-1.1008688320041622,1.1723696884897639,-1.1966522175634444,-2.4774531231191963,-0.014057177414104949
-0.01266459891890136,0.19837854841192257,-0.24429213146398163,-0.3948053256029872,-0.3918162398080484,1.015127942153035,0.4058360003104029,1.1753385534261211,-1.4664849946384373,1.8515590777936948
-1.1173103486352778,2.9363014721360736,-5.3747545501356875,-3.166840060962159,0.684001328181953,1.1354037663733987,7.8172722460155075,-0.9011368150251444,-17.30009420295634,3.5218492929261167
0.23441569781709215,-0.5419202843326437,1.1595699309538654,1.7386391851620833,-0.35340998286701436,-1.0426879405915863,-3.3896191241859395,-1.047628859095073,6.9951304791622215,-2.4396511352442114
1.6598021771098705,-0.7536021366949834,3.0442393086940234,1.9534168604415485,-1.7879128911997157,3.335810686591662,-0.634617795213293,0.5931604521705522,-2.456294841118962,5.430847235133499
0.7420441605773356,-0.10064153018098665,1.7770204627976103,-0.01059510766034974,0.36184731583956825,-2.048362469227756,-2.1752647225379205,-0.311841970236609,5.614621508111544,-2.8728245282953684
-0.19183555236161492,-2.1173554488349846,5.3927528479620666,1.1898267009141568,-0.4244927905709274,0.9742247324801109,-8.223524161630378,-0.5597320588183469,14.858932958121404,1.3169166308117446
-0.8876289640848363,0.8968798155693003,-2.9491495807657917,0.2009389357275806,-0.7315309817303334,1.4073475684173078,4.131127128162387,1.6147464645494953,-9.89201106029768,1.6912884637197085
-0.7471582937508376,0.7288369028063281,-1.0937624772716812,-1.4704062303582126,-1.5657381506559054,3.7171171580042524,4.473129487877561,-0.16858329464649754,-11.792602250969209,4.921714075704429
1.6924546010277466,-0.4524275957953141,0.03844552559516268,1.2929123375176883,1.0138224669717055,-1.7035901245883862,-0.6562708975153855,0.14852254902335138,3.184987023604606,-3.432966582636826
0.05080775477602897,-1.5612594839342107,2.621094327201683,-0.15273993738712144,-2.2271126318500145,4.843854246885104,-1.6484568671462516,-0.2750806077119936,-0.39735491940772505,5.808967920576751
-0.6369956465693534,-1.3351345529066065,1.6462960812438874,0.9722571761501766,-1.6993336047222958,1.4074083773276433,-2.8770918292945207,-0.24202294014491202,5.056043455600986,1.6509807891839072
0.19091548466746602,0.5232513818450732,-1.0355509499375188,-0.40196351087138454,-0.27584606256114336,2.1815995020111796,5.5164428084209565,0.12636756093674936,-11.900116710047183,4.539913790049823
2.100255136478842,0.4780788442048104,-0.4118148841001381,0.8300970002881153,1.2289555856506973,-1.8320805342592126,1.3768464507901907,-0.19225712533515274,1.342502245360933,-1.4806378832596199
0.12015895248162915,1.5545824358463642,-3.0297616015234525,-3.058380876651812,1.3097059056826534,-0.48278888399939496,3.6012177847082896,2.7634777688725887,-5.526930031508631,-0.5025953184673293
0.6172031097074192,-1.1002986308893552,1.0067251855960515,1.1044095207863076,-1.1549826349293644,1.6508672066590961,-0.3511651776266556,-0.882896753514172,-1.7635818459834227,0.33089097505780396
0.3001703199558275,-1.1304281533496696,0.7343039486624929,0.773084832812664,-0.17763219598355098,1.1944627986262633,-0.5420315977711716,0.2372776953812742,-0.4494211401526219,2.017260409792499
-0.35224984649351865,-0.15502285526111753,-0.4521100175659158,0.1254801630890155,-1.5104563750875688,4.436097684823283,3.5740983204017382,-0.450790357112616,-9.950713513147015,3.871998923938082
-1.1425181980221402,-1.5965146632230176,2.41466056477811,0.3782102391375598,1.0112070637749084,-1.5326195874672908,-5.040686121629248,-0.6438169963914426,13.261030058777658,-1.765003671863178
-0.3493427224128775,-0.47298014093348134,1.730017060905139,-0.9279237598724015,-1.4765626605201803,2.201977380080741,0.3217709475188917,-0.8120143955188951,-2.455964005151631,2.8582567756705295
-0.2088942333747781,0.9211241363738429,-2.161107717876606,-1.1914420150456158,-0.14319574500723764,1.1269762435688004,3.96782918439685,-0.15733649742283914,-8.49048069300098,1.71145697488126
0.5866231911821976,1.4398952357723052,-3.06779805943138,-1.3801453324093906,1.0329837789497511,-0.28018932745206027,3.838321995828592,0.7169037736490256,-7.561342988139209,0.019880350357270482
0.8389834138745049,0.0006868065502754761,-0.15830836586988067,1.4746404411732539,-0.22241402852990858,-1.3250054085664145,0.2308565606131393,1.423469315714089,0.5423896742635026,-4.051121857288417
0.9311020813035573,1.3315097120599484,-1.5655621115433158,-0.9414027536629885,1.4701603438257402,-3.4035727584061912,-0.13536885598845827,0.5504728036165897,3.4368529098701175,-4.191630541046383
0.2855873252542588,0.31608308307126154,1.0040935637969979,-0.25419357413193516,-0.870008223190852,1.8075149960216519,0.9706064509328364,-0.4631496278510697,-5.072518096237783,3.199351393394104
0.8851411642707281,-0.10242504232673857,0.6318617624456258,0.7793306710735975,0.36919046954687373,-1.067009188803633,0.6763963962025428,2.042742453355726,-0.6645727295299094,-1.607740642746493
-0.7543979409966528,0.07895252772409911,-0.4061747679113722,-1.6742800130655344,0.8532821858237332,-0.20095884701920458,0.5101951208095978,1.5177732688009318,0.5235867493859271,-0.1367635735893465
1.2528681552332879,-0.22890490580097483,1.8602066140604288,0.9035546225175464,-0.13971173044107246,0.936240057631375,-2.5924695237673774,1.903450441308641,2.428970561773455,1.7251673241116827
0.5129298204180088,-0.4251005001501095,1.2882479101495203,1.2514902302578368,1.3863142642463189,-5.576299648642157,-5.20618858266864,-0.2771381062004123,15.310096083599689,-6.785270574637433
-0.29809283510271567,-0.04197016891276012,-0.33717574856190685,0.9403284088153875,0.5481295846881931,-1.5172444642049503,-0.9702272394115696,0.7674365536249248,3.467505795776529,-1.0322108695495307
0.48851814653749703,-0.8240368608040554,2.6582704366438907,0.31854692304671156,-1.6374495930083417,2.6930536281248227,-2.1144692953988162,0.7597140871924005,-0.6837171413449448,2.085764496713782
-0.07557171302105573,0.28411505878272203,-0.360870189122131,-1.459891166914888,3.9586027040379634,-6.565931638802649,-3.2619888418601217,0.35825990468367075,13.864861193088258,-7.7173755066347915
1.131629387451427,-0.36115293694370787,-0.7118900822694547,-0.6993758178661287,0.6486436440906672,-0.6267505090413005,1.7593686632456256,0.46016485565691967,-1.393810107674448,-0.20290812250176998
1.5198168164221988,-1.9840254452002326,4.594049506179152,1.8161626912895135,0.10734329382358966,-0.29912492444265126,-6.488447456132871,0.8310127241127917,15.04510385562631,0.6203195088977337
2.1855754065331614,-0.9661191649739006,2.2316215329109825,1.3006460047231658,-1.3988128186664763,2.3998346139213655,0.5268048789420562,-0.10048414086379567,-0.2524452373318353,4.082583965300614
-1.3964963354881377,-0.3921575269584692,-1.0725057800891933,1.5866168534218597,0.08176781880561644,-1.1804216790156346,-1.5964933529176353,1.453666167958286,2.5084279968498073,-2.334515358439958
-1.4441138054295894,-1.5688817845172374,0.9860026515603577,2.761901349775661,-0.45994283084068716,-0.7475678625932245,-6.055801486650042,1.8064985763825117,12.11195531779698,-0.5501215192890379
-0.5044658629464512,0.6513219133544537,-1.1660448420391445,0.35626777288414957,0.6443536660303223,-1.3328476991010527,0.09403851169391439,0.6916005355139728,-0.05717531556986183,-0.24966073146255252
0.16003706944783047,1.5055700337381577,-2.3270950157066115,-1.1564798227750606,0.37167029121186534,-0.12116613325094971,1.842489668592963,-0.12426572514457701,-4.737153466014077,0.3567637907594404
0.8761689211162249,2.078919226600372,-3.548307299045779,-1.3788185042030023,1.853009485069379,-1.3292323964493649,5.267008015377675,0.19173219244689457,-10.602966548095186,-0.9645262348502128
0.31563494724160523,1.4576565088212943,-4.2756259147593525,-1.3878372180954186,0.14225137252631778,-1.3238110563509702,3.787719899126346,1.0329720504481237,-7.343799902380205,-2.8783607378524962
-2.022201215824003,-0.1996087406996877,0.052116211434758086,1.212693037188711,0.5135054799885475,-3.1214021552574103,-4.20414946949795,0.060809521287179036,8.478254320420536,-3.291069530290171
-0.3062040126283718,1.276877773187774,-1.8865814566986394,-0.4153170286223117,0.3724568515114425,1.1500910865430178,3.2209178299318157,0.6349506640929002,-8.961076655250515,1.986417096836393
0.8279746426072462,0.8450842995535306,-3.2255341824493424,-0.452322885247274,-0.14848980305939366,1.1337915072493479,4.292045035907287,-0.8054812485094043,-8.909348076261256,3.07167542678215
0.2300947353643834,-2.064200730870735,4.21274007359439,0.3765004541309094,-0.1834001973200239,0.7447646815633001,-4.24373406694974,0.4376741712815015,9.234699726141281,2.790455632226936
0.7620111803120247,0.6083678748453814,-1.0031281524348525,0.5656433341013141,1.1010002026684818,-1.2726287510365841,1.7826775271705297,-1.1868361131576948,0.2725233879496325,-2.5066377375982176
-0.22232814261035927,0.7009704096795568,-0.4778641568448635,-2.0811224357939664,0.7800271353386294,-2.207328915234386,-1.9588633973815253,-1.460043326144001,6.93444964379226,-3.274517757033846
-0.20075806892999745,0.22944225870516644,-2.9126714780758776,1.0503691433493818,-0.62944160405378,1.9801900609256118,3.5470859337397815,2.251569403119996,-9.829242177752217,2.462799831642218
0.1865613909882843,0.22669475478037687,-0.3082984698749633,0.8053888280755626,-1.1134361029729902,0.44089605643173857,-0.6182294520045023,0.25669707287496124,-0.251574018843726,-1.1387851089544865
0.4100516472082563,-0.07779367187090994,2.17367360553414,-1.525559720149241,-0.06741002494685439,0.08712162260777867,-2.073437397473276,0.8668458345771264,5.319343707853974,-0.730926351832727
0.19829972012676975,1.5661177956783883,-3.752726432400566,-1.2867462385518342,1.1614399816743937,-0.3645043903723135,6.501582275727792,-2.876630522234237,-11.235738001436799,1.758636094009057
0.11900864580745882,-0.4412892292405445,0.5661372413489061,-0.892480233251679,-0.027529386267978004,-0.5523370427009509,-0.742437675320985,-0.3762711349385053,3.001623271877265,-1.4719602290825058
-0.6706622862890306,0.022661454930129166,0.9086796879571633,-0.16253704585860124,1.7464350892279725,-2.6702179378240354,-2.3473474837852275,-0.20101988885747726,5.90283722251732,-2.5849239513993276
0.3775637863209194,-0.11792896063707858,-0.5273386322218496,0.6484128305644272,-0.7750702870734348,2.4919990976817203,2.2764372435673508,-0.4575614670765831,-6.83095761596471,1.3401488170303588
0.12182127099143693,0.23523013574425627,0.6866022307247516,-0.3226274427948992,0.14164053766580517,-0.7180524589821844,0.015224484271631367,0.0895621937178791,-1.6898195605633646,-1.6554842554698554
1.1294839079119197,-2.1381390425881657,4.815833049371127,0.32669375099486,-2.516303860965749,3.966048163089277,-2.9608682768591743,-0.8156205140397911,4.467342111256789,3.4890015280763484
1.198917879901507,0.9900386007470965,-3.553697684691427,-0.5219662556301359,-0.5956678809102903,2.1205570474991084,6.801576968651224,1.174817042206488,-14.129255053313795,1.9918395518396754
0.18515641748394385,0.16474412348607292,-0.22881945897629064,0.12922951831236323,-0.30912131864186215,1.4008674770465612,-0.31856727957085806,0.678997959344184,-0.7812986974239942,1.7801239125389523
-0.3752849500901142,0.6936861671198677,-2.846036932312077,-0.5757114507823511,0.5109377744920892,-0.2685270724244643,3.9798339364321813,-1.2337446929890308,-7.202425519534199,-0.19320023714222717
-0.6387304074542224,0.40931826673202826,0.13409854777541208,-1.368774529831668,1.7106618386711354,-3.96971786746942,-3.3771042322762366,0.27212929033382627,8.815497490175956,-6.316463056817103
0.4234943540641129,-0.32700412136395784,-1.0268158341900042,-0.09122940839609939,0.03494358936374005,1.6005025415240048,2.3060950394543767,0.3003549923822952,-5.265563206512841,1.9516340853881247
0.07734006834855942,-0.3809116088078791,-1.050104763886108,0.5697024394892567,1.4539175816088175,-2.4780007415821865,-1.8256332932232004,1.6993374296015535,6.956405655968819,-1.9615710574537308
-0.3438536755710756,0.21024329703767808,-1.557694819194682,-0.3212828278890146,0.6616810764659825,-3.409264906695798,-0.24035991130302314,1.0059840019029933,5.805160283077453,-5.797443037582827
0.04359685683424694,0.13758202180793025,-1.0781737660948814,2.0038401820948017,0.9863521802120643,-4.002323087847448,-2.175426001365381,-0.8071897115451027,6.9956382569920725,-3.2943139392176715
-0.6200008439481293,1.3610474638722627,-1.406531462006187,-0.8200595653863921,-0.466154856825928,0.3278056264745117,0.7111381587410484,-0.9045034580112803,-4.710607106592323,1.4945920567047246
0.6980320340722189,0.11437255092188481,-0.2469503116593328,-0.2971922456674213,1.3849913436486387,-3.2123613704531904,-0.05210337980226454,0.9482908729641765,4.416726879296204,-4.380629156347167
-0.4471285647859982,0.014918658418568903,0.26117405080857997,0.4708022202066261,-1.072964278711645,1.9935958964478457,0.4619678341403447,-1.248413360151697,-2.2898020871998535,0.146319102662396
1.2245077048054989,1.5801363326583497,-2.0846500055538852,-2.3547982882978706,0.49515861120031657,-0.19661121030407624,4.251859979254182,0.23427972662143043,-8.215281991676466,-2.114650857171185
0.4034916417908,-1.413349866533793,2.1282432264095386,1.5382481282085458,-0.952062100706259,2.074508767495564,0.33157544057030197,-0.4395089932986118,-0.8510988508219588,1.7380781162073649
0.593578523237067,-1.5372249995427743,2.4954210027516006,2.832231471305998,-0.5181455523987548,0.33863491494059994,-3.707716333503423,0.9486969754828076,8.74929420064167,-0.5691693559097909
-1.0949118457410418,0.7180164120608127,-2.283156869987417,-1.4514851464940535,-1.4614036047221062,3.73362582478058,5.063470399775562,0.31289716796663114,-13.586972083893157,3.7015699413870524
0.1693824330586681,-0.2685933444258553,1.3219684549802486,0.5112036406719123,-0.5163479086460222,-0.3928969364896242,-2.4044765814494826,0.4539066800438384,5.224380098333301,0.807474022114057
0.7405564510962748,-2.0203955470910144,5.673142974274414,2.3645786566830913,0.35111689651096534,-2.125117045541303,-6.871367807741593,-0.3796763576700157,16.30115090223878,-1.9995560739829856
-0.9537006018079346,0.004314994830072361,0.2501144787591019,-1.6967604437807735,-0.06877046307863847,1.5849526193185912,2.8569276168524143,-0.22991292793973458,-5.297926970368637,3.264100087305053
-0.26621850600362207,-0.6222946589237576,0.621024624784202,2.130918467896489,-1.3477649412536636,2.393949122064491,0.8539551225277657,1.551083659681399,-3.7870747546491756,1.9954703830225475
0.03261454669335856,1.120303441616365,-2.760455372363402,-1.9307881857722249,1.470739856691369,-2.051895621569115,2.580288143712251,-0.48438739828711636,-1.690339925810288,-1.2551826856300976
-1.3731173202467557,-0.1654976802612469,-0.7813946447517177,-0.20420005486601167,0.33722093830845856,-0.43163120331667426,-1.1278207084491674,0.4149688454458875,2.5521533764164133,-0.4243203200996904
0.31515939204229176,0.9460094706639726,-1.160440773127727,-0.36730885569013344,1.0080654330757632,-2.675529042971352,0.3174539136867852,1.5917168744802488,-0.14845013976921018,-3.245998578114641
0.8461606475850334,0.17893084326547248,-1.4207085881732324,-0.3740780819414025,0.7852269196346882,-1.7143249225559787,1.4449382170561733,1.8514467339397571,-0.14042041890275392,-1.5893411426410045
-0.8595159408319863,0.07895272674079715,-0.4125023981323971,0.7405111376022427,-0.6648677669672133,1.967781181725127,-0.681368868617016,1.669666370101818,-1.1755090347578334,5.370638209436728
0.35054597866410736,-0.09517858168833866,-0.9786477255541388,0.22618023850689434,-1.9450469586120391,5.133492330750833,6.3908077519932185,0.17789598575386206,-16.51459400278392,4.997773898977566
-1.3122834112374318,0.8642213265400851,-3.6275103720761463,-0.11356233417084016,-0.9154243682317061,1.455743472555307,4.011749472621114,0.08517088122908573,-9.823586135251757,1.4078159397019991
-0.038695509266051115,-2.29519501048466,2.0493845676232656,1.8897145958263275,1.2251558492732308,-3.747618954521246,-5.514049989376005,0.11681007076517938,16.32949133158634,-6.638082061612227
-1.6157723547032947,0.8633626109704909,-2.61629174449829,0.7893669497822828,-1.053546073700315,0.7433765854898062,1.9655313496596436,-0.38950499473766687,-7.028826249456522,1.0139751227850322
1.121417708235664,-0.7513315840825554,1.7203979323005005,-1.4214428836890196,0.8160436843240609,-2.194181036163708,-2.2822108086234647,-0.3846532944927441,9.163349031006792,-2.5439931407589316
0.4089005379368278,1.6622003787319635,-3.641455868319876,-0.950157243923577,-0.6124069731288238,2.117451392224789,5.547933806153621,-1.558493975606284,-13.880900403753182,4.960469626581667
-0.024616955875778355,-0.6830982941665732,1.1423091839074304,0.23949000198919884,0.3931092448539835,-0.418409555476905,-2.7441747794526075,0.6152098225498857,5.56642637839456,0.21226711556907785
-0.7751616191691596,1.399849348765876,-3.870438147864151,-2.065851094874896,-1.8239198526251938,5.328669850485075,8.321377355794509,-0.6053935225169407,-21.518928801045142,5.342595069301856
1.2737559301587766,-2.9376994787369117,4.942373399949008,1.5111399827980025,1.167075165999964,-3.113682274076095,-8.032784916704035,1.365894945816666,19.039849218045013,-5.160314083435493
1.9671017492547347,0.16172037618741697,-1.3910691083152393,-0.6998473810353668,-0.03966870009048212,1.036538666393746,4.87457425955884,0.9413402797328289,-8.850008347148968,3.326747357618993
-1.857981864446752,0.8927891955663366,-1.5739362795679521,-0.127490837145946,0.8858257989659072,-1.4304687826729605,-0.9581230222401722,1.3732206419186233,2.2365756531676158,-3.8661051951822074
1.2361640304528203,-0.6573141433087806,3.3619824030208028,-0.37641205352427276,0.18986164938309566,1.1180663932455925,-2.908026188342995,-0.8352537381602645,5.457121428782573,2.81263682504397
1.6276507531489064,-0.6611260966489039,1.1855772188351241,0.3595488024007524,0.7980637952989431,-1.3562371148966839,-0.15351428293259772,-0.1708493181826879,2.8304836951727124,-2.4227246675466785
0.3380116965744758,-0.37275072249767854,-0.6239494934011708,0.5699715755787478,-0.10193203926360005,1.2919285184329496,1.7935380972076842,-0.6417150825140213,-3.8619837632989946,1.6406011156380882
-1.199268032335186,0.8210546381731254,-0.3691103131546718,-1.8049746833247986,0.7433565435138623,0.7821196811898208,1.2068499075827814,-1.8393480511354385,-1.5397290870138016,1.7246169790114085
0.8633453175440216,-0.4208032194272089,-0.15715249310022772,1.4450650118363046,-1.5095726842240433,2.320088502795296,2.454219500846123,-0.4458321523752407,-6.868522766390212,1.2730222661001709
-0.18092030207815046,-1.7276880925176434,4.012118410372565,3.787619946107897,-1.0807106924455065,-1.539100468869848,-8.778060956445941,-0.20464847234132455,17.516774880040934,-3.8470257469778333
-0.6039206277932573,0.014637635271861155,-0.4719239835064331,-0.6855908420342494,0.7254740044815357,-0.4306711455926412,-0.6148101195117399,1.0241555879618736,1.1544812935975552,-0.23925659815820538
-1.2300581356669618,2.6429927704136205,-5.2036931677678755,-1.1702871415030116,-0.039178256209496685,1.1177796816398917,7.61334662135894,-2.9208486376808733,-17.452379515112415,3.3932314826421504
0.5505374959762154,-0.13588378615038305,3.704368837363441,-0.20224028670214983,-0.22875417122021255,2.4760031354702434,-0.28996304847805576,0.47891374850526275,-2.2331325910411417,4.247175367906406
0.7928068659193477,0.027645848900614833,-0.8028053184251567,0.5115087211085837,-0.17961229465135792,0.7659014292245736,2.5357007130003635,-0.17419892896159622,-6.728319286449247,0.24282702893922936
-0.6235307296797916,-0.23109718766694207,-0.12459179115808516,0.001016350746284117,0.5017251093451655,-2.080385112095182,-2.6099726697944767,-0.4575048620158018,6.805274347703768,-2.8219584894493814
0.5205763370733708,0.0012689427632268935,0.37269814611650925,2.2076583153751708,-0.593343754242419,-1.0349738363413343,-0.45883073830083276,0.03673984565537841,1.788434502267556,-2.770510581976131
-1.1443413896231427,0.5577661757488069,-1.1372239377109967,-0.7653406357498096,0.5103075967452559,0.47202072307873744,-0.5576145268485893,0.3469254602381703,0.9328823210911846,1.2229190577070717
0.8018610318713447,-0.5273492031837501,0.6483862432968475,1.210889450414738,-0.9157918490686792,0.7901105519585491,-0.8619889870799098,0.0900354442748386,1.416494631292387,-0.46546198814370066
0.04656729842414554,0.8478071546588044,-2.38363398133237,-0.06296928404521052,-0.40725204301996576,-0.39410081727816815,4.0374724726539295,2.3684625729718913,-5.325070285963529,-1.214199854199496
-0.18656977190734877,-0.8611532144604501,2.312406318154766,-0.40307237499577186,0.9849516717192109,-1.1222393209446606,-4.157708318178293,0.13426195207696265,10.184613476579282,0.7498219967992159
-0.10174587252914521,-0.09642453407265193,1.270181521617797,-2.0840294547080425,1.0712524278458908,-0.2440755404997993,0.5098563462280405,-0.794424177871575,-0.3109296065690157,-0.8932385936646808
0.8688861570058679,0.21666002649197175,-1.38530500282894,0.40778069554929375,-1.0971543602553622,1.7036638846394736,1.8813764030864708,-0.4663605096612979,-5.683555767084259,2.614839246005205
0.7504116398650081,-0.5160747934373242,-0.10451961828399003,1.2525631465701246,0.8386347472283774,-1.4975802746759395,-1.4913245609365133,-0.021694039485360167,5.535406272567147,-1.97208502269452
0.5294653243527092,-1.3996155353524018,4.628496985667125,0.5699281905032071,-1.039182322034903,1.5082107263655518,-4.125863896399578,1.6790477338005452,8.534014932579561,2.26599185038189
0.13770120999738608,0.5125595371451854,-2.450040750938993,-1.0386399678596698,0.7330232317190783,1.1206990537757568,4.648302818189927,0.3818472760160515,-8.045926258412456,2.0628932055220233
0.07782112791270591,-1.0079907227725926,2.7308537396307484,1.7737909874878597,-1.8988120593192948,1.3963267850912555,-2.778390407986785,1.6524485484111837,4.3571583047686415,0.7768703562851957
0.6183802619985245,-0.6525559796419159,1.7439407886187184,1.3687896717509078,-1.1171106924391125,2.1741840520399647,-0.6304970527658554,-1.0516831956100665,0.5057605637982696,2.560341402535591
0.23249455917873788,-0.9053153189411157,0.7072469078608858,1.6716820475727832,-0.5089722778228615,0.9204791837340143,-1.3176290311346046,-0.2275852972152455,2.2897935301979873,2.4520118307226575
0.6825514068644851,-0.3372754037573094,1.4338900972589141,0.5280754810412791,-0.16648595488595935,1.255377502314129,0.50827872428068,0.15162119817064007,-1.5429898345996738,2.8405345471450056
-0.31011677351806,-0.32645450051447517,-0.45045669793960685,-0.5301587760444771,1.4236144293489872,-2.489016262456266,-1.996996796860747,-0.2828242947967078,7.83241096212167,-2.5827461139489754
-2.434837764107139,0.3335619590809015,-1.7565224122722722,-1.4817107169722208,0.9039991740035269,-1.2066219361373465,-1.4795962146751878,0.472912257866797,3.9945616432175344,0.23782458243379478
1.038824601859414,0.3361805956022878,-2.061757627298224,-2.2589443595874754,1.5754679085723808,0.1578112417758195,4.4419950586220684,0.7007613480475701,-7.561703202469279,2.5052430453635157
2.1869796469742577,1.0367241539678624,-1.238690802140979,-0.877388143525377,1.2066078980355681,-1.1924496004191094,0.38913592097204575,-0.502352628841837,-1.736752961991216,0.13875740132761338
0.44136444356858207,-0.5040083609105523,0.5584402908118339,2.3176729030864602,-0.2828635516348445,-1.4821548564485916,-1.53598373162104,-2.5121922799436858,3.416393627466046,-1.203467479558079
-0.10015523328349978,0.5558978960037655,-0.02629014875631608,0.038362928108585104,-0.2663268843187201,1.3121304037111436,1.3921410895533932,-0.9168626928641296,-4.356107407699719,0.4797853968950325
-0.13644474389603303,-0.31012584522268744,-0.19003022254593926,0.16546686840238772,1.0689716222012626,-0.5359728141658404,-0.42053845158033776,-1.1748167702652248,1.5362309220454493,1.633444356824131
-0.11905418777480989,0.13845775736576443,0.33781041571666176,-1.6302205714235256,0.040371431022839264,1.597141218639285,0.6383793695948966,0.32940120349760604,-0.7913534381430485,1.2695826882610406
0.0174094083000046,1.1219729537500345,-0.8360220110355767,-1.5550400959486086,-0.15699367249331792,0.5314456216354483,0.2920703740947621,1.8020236688551943,-3.0449236134625535,0.583223434505134
-1.1220187287468883,0.4227046982173814,-0.9312295224373024,-0.3292810253087109,-1.3352027230151915,3.7069741645203056,1.337774173128144,0.29194836272777974,-9.209953082133985,5.4008031824797555
-0.5170944579202279,-0.6439175052142273,0.1620876723900797,0.28690659109407535,-0.10646012155553987,-1.5135159254487647,-1.219255001513314,1.8643201935310654,3.2878188325934277,-4.44873428398372
-0.997026827650263,-0.3990014626229551,0.45524944005589996,1.2238180607005005,-2.7909964066938464,5.2970351148001775,2.067515739708007,0.5280353923065358,-10.129591581155164,6.185154974434799
0.2487991613877705,-0.6993258476357185,2.655069225088418,0.3943289948831945,-0.45611755514868535,1.596995271594392,-1.714024426648555,1.1842010110213894,0.7879905931505322,3.1680679427744804
-0.29664115237086275,0.08515453127831296,0.5688237318218416,0.6279768867332526,-0.9798902516618007,1.2425270859650734,-0.45702469564018805,0.4216171094663881,-1.538539224206645,1.441529393544751
0.4952113239779604,0.6936448804419798,-1.7729605123866938,-0.662662256227621,0.6925743475393558,-0.6227861082874213,2.777448933343808,0.6524847960744253,-4.338159464528475,0.33115146493197584
-0.17470315974250095,-1.3008107692316948,0.8566540439329731,0.8387445065435899,-0.4786723564156615,0.5370459176654468,-2.7723850117398525,-0.7967631844135178,5.1665160426536705,-0.03227743023011176
0.986335187821242,-1.3646656356618518,3.4442437228491594,2.3381333112758136,-0.3290515493410809,-1.3581387179093096,-4.781169012897383,0.05294001771059692,10.12803069001485,-3.8228228770319634
0.21353390133544178,-0.9954156718194609,3.62128219577671,0.03506758583106562,1.3471054646704976,-3.4258985935399253,-6.548149746921771,1.5135564082456305,16.33528123409457,-4.153209846596411
2.1906997289697334,-2.476524908963314,6.600510886641262,1.6750603623503264,-1.0490677451686161,0.6697479620292159,-5.656869831799426,1.1897906947862653,10.993023823049104,-0.8975450242731458
-1.8963609228910925,1.9553475944559997,-3.4770104191816142,-2.8387715170510597,0.31665889515665435,0.533031392096731,4.371809820457549,-1.7959577826103714,-8.897989068812562,0.7330018077702436
-0.646916688254908,0.17834075589927406,-0.5476290924326314,-0.044269279057273556,-1.895266947476466,5.124095103934303,2.91683090342362,1.0682421365185348,-10.986242548416246,5.593204398669032
0.901486891648711,1.6015650195001538,-3.9885185944141903,-0.19680794763594145,0.08972911744465112,-1.4033203355404256,5.315789219577182,1.2011115775242196,-9.435868076304718,-1.8342734870978044
2.528325706806398,-2.2635152696199716,3.953393165347229,2.4710948707509157,0.41026574539684446,-0.5029112954850046,-5.3059488854675685,0.10807706554428387,12.135292225384818,-1.3048915459807031
-0.24863477771546005,1.3767071749233744,-4.4025348113347444,-0.3545088521066573,0.8598709717969121,-1.6419533586128006,5.225737361342943,0.27900006580990117,-9.278396197428876,-2.327530486472126
0.043668993178389105,-0.7161427942063624,3.566509512520268,1.6192747910587435,-0.8986831933186461,-0.07244169133515399,-4.842034228681704,-0.32264052560452156,8.004748966195345,1.5590619171811402
-0.22631424251360518,-0.33225327657024645,0.6373901582261832,0.8879207886244386,0.3196569419445935,-1.6970606216613155,-3.283809179822976,0.4462620023430294,6.520706649145603,-2.356994073276434
1.3314571125875918,-1.4308910251996079,5.245532557268502,1.8896216233307834,0.31815419967868935,-2.8097444941848884,-7.899367640192531,0.45051208810435106,17.243694960923825,-4.224083297302163
-0.2873078634760189,-0.8545029373099526,1.6341175247772162,1.0793536662639942,-0.01923163409763723,-2.662589270154118,-3.129637690149596,-0.21771497792721614,8.45266691065058,-2.7796835130346844
0.6800698398781045,-1.5494687391298605,1.4799106658336671,0.24972945243360345,0.15001627872780374,0.37811879533687975,-2.0658130845777767,-0.001752676218831642,4.923745133039901,1.1730793533173092
-0.3198015988986712,0.3224789398985671,1.2167547563597494,0.2711207699465834,0.4635343217316655,-1.1974223890336209,-1.1115220016411058,-0.5004412756666324,1.6059341944148164,-0.08499111203607912
-1.2725587552459943,-0.8918235348928205,0.9234120373025066,1.6510242300586742,0.39788042488185116,-2.6105551184221705,-4.798378476209197,0.9453192582239812,10.480278405916655,-3.261781839083521
0.31354772046343216,-0.345872110419406,0.2536777735855083,-0.6184390541587079,-0.9960108890883996,0.9591205721105407,2.029272446753684,-0.7402494566658376,-2.115834535616628,1.163448598348441
0.5031848134353261,-0.17621461257529036,2.000899697089681,0.37531753756193653,-1.1958615103244818,1.4660318314338454,-0.8442471586862621,0.41231690841372276,2.0099774918936264,1.1795101501007144
1.2932258825322618,0.23737352060902406,0.9841347677604724,0.8951290189946792,2.505980285318673,-6.541901199296918,-4.830452199105774,0.41979423544810013,16.54974164619041,-6.750271056875767
-0.11044702641731631,0.13705041375423063,-2.30024454287816,-0.48183806621474196,1.9197922864280879,-2.0330401079046077,3.280269505230084,-0.8629619389563834,-2.842622150171854,-1.431140691300821
-0.6173620637123609,0.5262356991407215,-1.051175875891738,-1.7371852010095954,-1.3916938760540336,1.8078077164920192,3.0192837957642626,-0.6685392998562181,-9.260167796481674,1.8040637732331581
0.5627610966190263,0.32762441005101073,-1.7446339372752688,-0.1975087252482189,0.4502177420378455,-1.6873143626503293,1.3680313421182433,0.2818470177063774,0.28392569277285584,-0.14428888880779667
0.24073709223773224,-0.09715439049019142,0.733402554988277,1.6705025932245572,0.6274370827531105,-3.1011247534353528,-3.5071594798571857,1.6337985039872422,8.938255453766537,-6.337316584520037
0.28066507712263905,0.2701918167757289,1.2719170706023264,-1.1265779045491113,0.7513372351604846,-0.24923631331596197,0.02737733929106012,-0.8154227556679007,-0.1844491000738565,-0.49110804639565087
-0.07311270374727777,-0.9554532090940847,1.3929794765811074,0.6500578408435391,0.14039543644735017,-0.41321353426200597,-2.6011652256940283,-0.022922362286176667,6.392122301101356,0.32584079469560356
1.1603385699937696,-1.1606007083213823,3.81389324332072,0.16662087768386158,-0.9268719392086243,1.504480368634396,-3.640620213292407,-0.16038173045736798,6.3053654716287895,0.829135523037704
0.36949271637572373,1.7748717476119185,-4.477575768075415,-1.7623046230925614,-0.18242040636309756,1.261307779243524,7.381670378507588,-2.0270345521936335,-13.903799823993804,1.0904057146604176
1.9046587083409812,-0.6439132597522353,3.4598024454800482,0.7438939910647885,-0.49112513779081807,0.8669733329816622,-1.7538359976330236,-0.032384828220702114,4.593176597427178,1.5917010050374556
1.1110566985605046,-1.0792737047002638,1.3323997515386345,2.3301626351630027,0.1343731160397544,-2.4889390348502776,-3.5127733157932153,1.1137180941619567,9.772713980726953,-3.6030190266265305
0.6590497961002102,1.1611333775446553,-2.785073505253763,-1.6347170162505775,-0.26837130412057664,2.000865195113473,6.647627480351046,0.5275013406263419,-14.947956046135923,3.557449197459585
-1.6274383406162574,0.3833236733832579,-0.4695146087086974,-1.0117374116962539,-0.13167562628701832,-0.4488283199961991,-1.512501619773527,-0.6371241043749218,2.976585194787248,-1.3896715618249997
0.602319280295629,-0.8464080124156728,0.29183434711541745,-0.20327326311608018,1.018552474767882,-1.2596431300778734,0.6756551355007288,0.5041481476224123,0.3252109377468484,-1.2040209821623087
0.42028220364705954,-1.5884882473933153,4.725858615785293,0.1621790955793554,1.2305581999547246,-2.933752779490558,-7.414512298234171,-0.22367077045478265,17.384676382677124,-4.098729019475275
0.8109516728035557,0.5103272896828788,-2.0904380091326935,-1.9382003900816405,-1.181103172771823,4.558531631253848,7.904276955824102,0.05659332662503325,-19.43387106965857,5.096505020587063
1.0444420947072588,-1.4329637521031025,3.4792234884163924,0.2817388345496572,-0.45993010443458127,-0.5279220402088588,-3.9227609718300585,0.9797196335608417,9.893344648425588,-2.098899482886414
-0.40087819178892664,-0.4059763051676283,-0.47736316300266357,0.21517989778305363,-0.7907999537751678,0.9085354510226606,1.4437563117671053,-0.6303416816636904,-1.649589688871322,1.5939738841150097
0.8240056184504077,0.37060265061161324,-0.6312528046689904,-0.2521589035604701,1.2237222119601092,-2.9785176199012766,-0.666456107238886,0.44058497883154185,3.913803026349423,-5.983100239657632
-0.5623054310190898,0.37026948390139713,-0.7508957452054507,0.8796883222578411,-0.05936790254849916,0.5090172346865522,0.3164351076486611,-1.5032522508350372,-1.436495721199082,0.40621844701351517
1.9548780750090344,-0.7352743287023714,1.0819713629473615,-0.24024134471499992,1.4489894041582356,-4.002124151310658,-1.7085049546362656,0.9380370755741825,9.024467965893697,-6.138981010899487
-1.3319516665172482,0.22810293492113945,0.033117680840283326,-0.9602922052761961,-0.4775808546567209,2.380217663799319,0.6423049882887994,-1.694902475541045,-3.0796269254903086,3.5842254559290545
-1.7606885603987834,1.7303209824743297,-4.576682601599636,-2.12494962903025,0.025999994185658175,1.7267682466712047,6.292297650111978,-0.3936654727969104,-14.098922200665454,2.318978555831264
-1.6507212658241002,2.778168313533332,-4.033199850425513,-2.0008676142726918,-1.3486964467972422,4.351666059023136,6.270936136057084,-0.5003122427586721,-17.563096519465912,6.298010605488428
-0.8905555841630485,-0.25317476085327373,0.7086810513524106,0.041705197949652634,1.3025355364861801,-3.1763008084012943,-4.282183714384728,0.8681458284107144,10.556543522906617,-3.488509160002884
-1.119115398559728,0.9403518996185805,-4.671717626851958,0.03370103183775208,-0.36261208757725877,1.1400213516433868,4.463101429101446,1.794418081408522,-8.91431106964078,-0.3359272040370338
1.956078903703642,1.2795542810624574,-0.5529615910882164,-1.8008456184781947,-1.4851564513254543,5.670820416705104,6.424238492929975,-0.4676270268343253,-17.182956177300547,8.084647794900636
-0.32649949807818424,1.1874261502153038,-1.9215954315980788,-0.025603036616922314,-0.5924612851532695,0.4445261347132169,1.7940517256531572,0.004613305403467971,-5.153883576853681,-0.12309516461246373
-1.342675789377436,-0.24118144443067469,2.0358177700888413,1.1332080056121328,-2.304907937770138,3.910454617841416,0.596104091771315,-0.8826972480426818,-5.167414891340746,4.355152267497902
1.114382976779792,-0.8005576887010097,1.4238125656189708,0.37050901307304124,-0.03181717269879145,-0.4318170610822223,-0.16723701037933258,0.6227025083219819,1.8873933839632908,-0.9611329819550345
-0.5865239388215925,-0.40329421995077486,-1.4562113932550265,-0.30366492988855087,0.11248774241419583,-1.1254076428800655,0.9262354712659383,0.9508281145186765,1.0863663677073085,-1.1361088274039832
-1.2368533765413974,-0.502916955005743,0.5858859559591736,0.5788102921820762,0.28807816700515054,-1.7269890201964582,-3.038766902313261,1.266441103239925,8.196698126987176,-0.13992898717023206
0.8758389276492995,-0.914606586347807,0.6027247796108739,-0.06838204157019878,1.498108183577034,-2.2650036207771747,-0.44797649755221425,-1.006702196952739,4.983049664804108,-2.514776327556028
0.6233621765780327,0.054974103913599304,-0.14840551949960296,1.9487383769075746,-0.30097615395533844,-0.6802492511046544,-2.6487276856421884,-0.5709144718772758,4.191749252835241,1.0206940465650458
-0.4349566829552277,-0.4426616707834322,0.4023939618103501,0.4908864777441818,0.8074559170052702,-4.282623202999125,-5.503265590366509,0.9808379630423579,15.328564358005305,-6.538722355543905
1.4075400002412286,0.40902047256653534,-0.608841538495674,0.46904067035117014,0.3122386890129999,-0.34773653398821813,1.4943693069415858,1.0119991796414367,-2.2929226204722832,-0.6440260280159478
0.12910157971072544,0.08040510247628556,-1.9251815003076516,-1.330681179517245,-0.1933216404740039,0.8699132309438229,2.949962999565347,-2.2566040180613953,-3.1394868805588683,2.425860787338749
1.6169495988573002,-0.9338106276967656,1.920976442140701,-1.0124218070866942,-2.076802021923554,5.469267471253754,2.18620360312462,-0.9737570971164121,-9.460961342860024,7.01810236558301
0.5027408819999043,0.7192241980373439,-1.8977011847019336,0.11859741747577457,0.9475011673456759,-2.5081017912082064,0.4957197661591694,-2.1764783894057067,3.0484810128803326,-2.4367889826279363
1.5588055406198593,-0.19841440955616468,1.0302469154435163,0.672766982514875,-0.5039739491423175,2.8440580636538,2.5331298078202735,-0.08672512129845393,-7.01079443033135,4.324911260201371
0.10940269642542817,0.2285555600677111,-2.149309104984064,-0.9413167151903167,0.017955891650826426,-0.4011888842217266,3.836950714965891,-0.004466319427530896,-4.995819405053791,1.072187625708656
-1.2197443969790327,1.4448862338808315,-3.3141824091209124,-1.7092034285662283,-1.2704607763854796,4.223840831161306,6.849494942529322,0.08375117311421404,-18.266531376626684,4.158877312707082
2.4493686490613973,-0.23970935244887737,2.1377083778520722,-0.49041287671782446,0.2829955338110016,-1.3074925854151627,-1.0002700667206885,0.3759243152308044,3.272249033323582,-2.7667095152079177
-0.5457741679825677,0.07225051853921372,-1.3255308802567807,0.17070061835796563,0.10803081731234535,-0.11472272109524195,1.6415681747017277,0.6837664742917537,-2.335336046688031,0.3087681021196429
-0.19883786288889674,1.0035515118747267,-1.268590214306683,0.1303743456706784,0.02941761897076564,-1.283662261121323,-2.174989091710332,-0.08048478345625922,3.6351874794769086,0.8556116527213495
-0.7003985049212547,0.5417884575953817,0.2471770678276013,-1.9732359323033473,-0.13479312929572362,2.7286488655691548,2.5494119214606554,-1.8182601019933942,-8.890281646626224,3.4205196782741387
-0.20339444896455844,2.9848178173919226,-5.978359851169686,-1.8812599053390877,1.0492182907525678,-0.8424364979152575,5.399341203773318,-0.07832865714048895,-11.337377624139089,-0.004678757885831386
0.24266944108179458,1.0181436060834632,-1.0473107699918798,-1.6791830300948802,0.9662208625783415,0.7055045383845551,3.064809929793722,0.4904454746886516,-6.638882500012766,3.5949129088087775
0.20183017887400403,1.0862227668407791,-1.1305089531822023,-1.3897754037827799,0.7259168525208212,-0.6110514767991437,2.2597287672828044,-1.62824501382634,-4.505683340920403,0.5610481005331115
0.6610202875986929,1.0715928183650187,-0.5729398738863691,-1.007711190445665,3.3210787561703645,-7.280170325285488,-3.0780861356067635,-1.124248081333185,13.468516424576805,-6.444932138081519
1.792158208975567,-0.5149991704901856,0.6619305278702541,-0.9542597956382295,-0.6002253303773148,0.8810791781616031,1.210876011334725,1.053043748554486,-0.756997698449678,-0.6698175861946238
-0.12046457178850745,1.3528790462152211,-2.8174382346425797,1.7742580873166856,-0.37951751553387963,-0.7707707457269012,2.718905967433245,1.9056355503367142,-6.821643711508998,-2.530833176001463
-1.2331207354464266,0.4326445739177859,-0.06096836223862989,2.0828985149689494,-1.014803690858671,2.0132093454784927,0.2067097630692154,-0.14165332225500865,-4.303086036560797,0.35756922749145637
-1.1823181265096336,-0.43874785141909106,0.131650926346482,1.0991744952373603,0.43598619629640983,1.2262293535994517,0.21111370775807348,-1.1336420574742907,-2.085153908666761,1.631458836367742
-0.6657545181991266,-0.3430145572886878,0.7339228923344933,0.9272264017748681,-0.6874873930601744,0.6127025324916827,-2.9997502610206723,-0.45438985560235523,4.532030972469733,0.7305578264485106
-1.674195807618932,1.0836362017388355,-2.8653473027569563,-1.9004085133888449,-2.698361741666047,6.593124646071069,6.958717162009022,-1.12402592449258,-19.02812502610889,7.290524426616712
0.8250298244389859,-1.8349571742288244,1.340033734464091,3.8281939317259255,-1.2133381258287046,1.1789728836533269,-1.328598862117463,0.1371642617777047,2.5717108962401762,1.256510628508483
-0.4982135636310781,0.3737159724146255,-0.41234582627785654,-0.2771686344629519,0.07225189915588459,-1.1066740081092759,-0.8438692848589819,0.7797259141650131,2.080892311721927,-1.3284064395071602
-0.3109849783028509,-0.625130445178636,2.9524049405432775,0.3708761974729283,1.0097873349475586,-2.453666701492031,-5.261840884003719,-1.8645024138706476,11.737373113680011,-3.729991861150899
-0.0018914828380037015,0.7188441883780016,-1.8094241870749823,0.6356252535020293,-1.5569415578650314,3.2202502754670275,4.863786242402942,-1.9448575402511235,-11.434291127001854,4.309551649031634
-1.396620424595432,-0.2826186585598718,0.6494054102002301,0.48425807824089406,-0.6124421282843443,1.2117703854688908,-1.1407115249942212,2.0181431616066625,1.976551300076975,0.785558307814975
-0.861316360776042,2.1581844820116083,-4.768486547577443,-2.483014708589006,-0.13935180545092124,1.7130149813131272,7.965079165153378,-1.1899662505442323,-16.766194489279982,1.6752077236499971
0.6747115256879723,0.54387328976824,-1.8284611005101348,-0.6489455665084928,-0.7285374894247015,0.8007534411882327,3.9281498295572734,1.0828979936853245,-9.120469042490374,1.8083402762267442
0.6185391307862932,-1.4741595075164358,3.083749052020708,0.7894874902714633,0.5311637934562251,-1.3876599154777807,-5.555202518224329,-1.722669628971163,13.512896660435063,0.17386578328975522
-0.44317193070063776,1.905853423610349,-2.737903822675058,-1.4422448793737612,0.004000841975375483,1.596270911620637,5.353648956572238,0.634670991978421,-12.69666089837809,3.3498245920161347
1.8105349141254563,-0.8281907397208554,3.8718459186313003,1.209282870437465,0.3212659144838316,-2.072801054411427,-5.937030405967396,-1.2261784959742665,11.93684972793501,-3.4474948969104187
-1.3057269225577375,-0.2940896999609272,1.4145214111674251,0.765286721469837,-0.7252149257453662,0.9726980814746187,-0.9707784236534125,-0.8685271558552622,2.0152486841520965,1.5312038549152542
-0.34498721015497946,-0.9092939279185507,0.8568080519679733,2.020153057598846,1.5365363280210986,-2.0629674893593184,-2.6757423190086564,-1.0829972182641692,7.9757373496575354,-1.0999118550688882
-0.23083974313546946,0.644383216137069,-2.715487256135182,-0.5135973545074097,-0.00037500875835609604,0.7953240029485942,3.3164858912364354,0.4649811428836559,-8.434615662775245,1.7334905918280952
-2.79308500014654,2.4315802426945545,-3.5552174534371903,-0.9645083257846567,1.2935496206633084,-1.2564349734019347,1.6245983114054927,-1.1909498133396799,-4.539365394288039,-1.2132177086450162
1.9375288136160798,-1.2215159996710954,2.7591881482034797,2.672477542058269,-0.43899766366627757,-1.8572275511257215,-5.661976655600881,-0.5834752553222518,12.145489958816539,-5.756020467908801
0.36633201454005826,-1.119210826557259,1.6274463715366685,-0.341096508725115,0.5900394641608302,-1.45560074740197,-2.5636919388881356,0.6206923504233005,7.062326804563754,-1.0817282474128145
-1.0445893819077916,-0.7929883567540402,0.5294417855084304,1.339562437140414,-0.6793837829972343,0.13935045321746642,-0.4800977645460338,1.775885052824115,1.9350394678462222,-0.22921657025155048
2.0511734428574444,0.8155962701776935,-2.438541772352736,-1.7171993761808693,-0.9509092510507696,2.0197807241013326,7.260277872266441,0.1626968989036613,-13.772748014959253,2.504354091878397
0.5856620001723825,1.476340986926184,-1.7185816396302314,-2.6743736899236277,-0.7043503315234588,1.7745516761590696,6.03476462348444,-0.15420047215802718,-13.525511099307643,1.590281426296072
0.4295261400219645,-0.4910360122267543,0.9594880038138273,1.9729093407153666,-0.04586668606976747,-2.697844922092216,-2.4145827088252525,1.086176992451563,9.21543666279579,-6.2625290190263545
-0.6069983982000461,0.7391751283664414,-2.8784820617761118,0.5510405848011267,-0.21873345896770915,-0.13478448098492674,2.8870621172783673,1.7533366158800106,-5.503340397230922,-0.4940322451172477
0.1062227240352178,-0.03816204505743775,0.948885620738869,0.5535465169912498,1.5392070096550627,-2.4189318606050256,-2.0006623293275947,-0.16237152215970618,7.815026214139217,-1.4731210665311572
-1.5256803162293577,0.44576127414257777,-0.5812160166962173,-0.8293813347648193,-1.1487042296369459,3.3007042476509807,1.9616304340320858,-1.1066224838928698,-6.982336949889427,4.925280601665235
0.7950260944248447,0.7001439461193555,-1.691099747689239,0.9499786136430771,-1.0903383324548148,2.1506551790932322,4.248273601143982,1.9905947735920388,-9.72696652139351,1.9348266954269504
-0.37443831884322065,0.5652365649210389,-0.5224992860543106,-1.8140831556082704,1.700188146645526,-1.1813704553165916,-1.3192319633268181,1.1332340202745956,4.793366700469683,-0.5772695372420599
0.13404819655462313,0.28499776426812534,-1.3975490995403261,-0.15794617965533744,0.6087836589081088,-1.912125619166346,-0.21555142429282537,-1.2386530318901305,1.6841937895713706,-2.850476307107016
1.2020548621997058,-0.6915553461713292,2.346698903719008,1.0319694183040828,-1.8814108671660597,2.235935327339214,-1.0129595257573565,0.973492190364426,0.7694811717554599,0.08492854473697653
0.28474811084905793,0.7210890500989418,-2.866709104138672,0.7169836634574834,0.4972690986459772,-1.618569576929771,2.9014819344961125,0.5188398632055954,-4.889827014198126,-1.9407251728090023
0.2624674454632686,-0.36912199223247466,-0.16536761493630492,-1.2345741210151502,0.23733269933959658,-0.5772562332585462,-0.5943256051979036,-0.26269940496890115,2.536908184992602,0.7722108770680152
0.27649930482218366,-0.04185094399325043,-1.2932002997956706,-3.0310510823768015,-2.1444440467284505,6.176087765411002,7.850104218335771,-1.6229968840910804,-18.93931049743381,9.785033001497235
-0.7332716038953129,0.4628591245744815,-1.3420655513115458,-0.2505983762678003,-0.3695624253374333,0.19029224205346928,-0.31716947403198437,-1.4497415721380082,0.5772026255578186,-0.1815495138265894
0.8360047194342688,-1.4786356379648207,2.199143767802435,1.4865395656299043,-0.017454951836177974,0.22863009012194413,-2.866334299284257,-0.3167531340292842,4.28154617047613,0.9182717717282818
1.5433591108044837,-0.8113543469154403,1.2596915810425342,0.8151935784320781,0.7314025171250657,-2.764122772656045,-3.305140840531791,0.05453299203038581,9.725752718432807,-5.519777370067532
0.7588056600979309,-0.5644597036461371,1.1334289991665742,-0.43094567142070783,0.9544956665476875,-0.9756644487594669,0.2922732494923661,1.5741375847330512,1.593967109483618,-2.023125699238441
0.8849088144648833,-0.1925087512829522,0.9391819698616044,0.10805003860765991,0.09574677111013467,1.4310072741203292,-0.14886286418317995,-1.3821483882223289,-2.8333871639631454,2.6322972538613785
-0.8772815189181883,-0.8206378437702726,1.7874323190916688,-0.8912255858253826,1.0334508032642373,-2.6183511778380977,-4.7468738136383575,0.8798452927306601,10.554261450888438,-2.771391674231321
-0.8677872228729256,-0.8985227245501446,2.04849407886379,1.1310280932597416,-0.1462732746113538,-0.9735015126528022,-3.6326240971235433,0.3885200533740906,7.703516415100434,-3.1059744697200706
-1.44087602429184,2.1017061191645348,-2.5981267661987606,-0.7691669708062434,-0.857496824739772,1.3280544273027386,2.571292903544547,0.6964993091416178,-9.985042542669987,0.5497695945165942
1.232253070828436,0.7474440483278839,-1.7610367024558469,-1.3230132531436496,-0.934181843147949,1.5230507180101627,5.397840842282991,1.8171555600863902,-10.927601745301892,0.870253693127414
-0.2541798676073683,0.9734047001382008,-3.4047000077012424,-2.773583379282671,0.542645294566316,0.9482456884185952,5.7767726448022625,-0.8742176739996615,-12.098041260656796,2.547346642682389
1.3998439424809859,1.3601938102847169,-1.768383520415068,-1.2052457550594387,-1.9581690855990108,4.94668864995146,6.693277178383207,-0.0492271263845071,-18.73343192249824,5.887458013239309
-0.7819116826868007,0.6791210932655107,0.47793805641289633,-0.7354607969096832,0.6778075711198115,-1.559832384309554,-2.914062026002391,-1.7958919202630141,5.266070889397233,-1.8552342020098251
-0.437508982828581,0.05413573835174683,0.07904198449690628,-0.12341048284090556,-1.1065730673918852,1.6556757181962958,1.5433658573518874,-0.6889969185200965,-4.27190404560925,2.8488620413401717
0.0954250871912577,0.4505030186886093,-0.06126570978910084,0.9473763605545319,-0.3592240957107388,0.33625734488422065,-0.5846458165700058,1.7088162959982118,0.027959914343144487,0.7982579669669574
0.9214500686595114,-2.1851273093063357,3.7136382373188166,1.8663094539285063,0.5053819027529176,-1.7943631874113215,-5.194879326041479,2.3144420540018253,10.980930622675851,-3.379403812555177
0.060750195799506745,-1.1182468632665081,2.421657483168971,2.9682867701885223,1.2179409008013473,-5.247509057052085,-8.072292263316234,0.6280559069321159,17.881630674672316,-7.038991394941957
0.21112475500771674,0.6885622273086462,-0.7397841191065181,-0.16368184291007354,-1.9406809643648932,6.071509727655844,4.825246218788515,-0.07761424808396913,-15.177944843206618,6.783505685011988
0.01652756730561561,0.027129785548023415,0.3243284175568485,-1.1086843703245708,-0.806178211953457,1.9754958837863088,1.4540088684686385,0.28868695922347254,-5.417481802750158,2.5642234785077376
0.17718772027596041,-1.3364470623605158,2.1325850483532522,2.190301668800612,0.04906169237310281,-1.3577033427388172,-2.3159491832602126,0.6371080282292866,7.00370522766148,-0.8448926389557456
-1.1164700178847444,1.0291066471348254,-0.42711268659143653,-0.9040278213177949,-0.596086334587662,1.057271774175116,0.7720211446460915,2.1121874308739543,-3.3204250713766172,2.0600870474738286
0.0809271009732786,0.9720409745773007,-1.7708211570152663,-1.2573342122962428,0.8616231013412039,-1.1108233803784882,1.2022891068896553,-1.2056323793883963,-1.429627446466224,-0.39351128617627595
-0.18657899351146628,0.7298073647491068,-0.5290826376216664,-0.2976352258355037,-2.0863905654565262,3.2237938994723256,3.3386658223980157,-1.7311670250511795,-10.13892476259215,3.9277509385693334
-0.0568244808858473,-0.011436053407913961,0.42864586145829886,0.12382595242618223,0.3618016405710469,0.8677765712133082,-0.3844718005630526,-0.725760423794428,0.0037076027889902385,2.5182624839989587
0.4923365559366488,-0.9994618817454333,2.8721407330772006,-0.7683499571484627,0.425920176502816,-2.1777145147380508,-5.8617989237769255,-1.4970544404477168,12.634062358224192,-2.7210713860142905
-0.6806781410088858,0.333520168503299,0.2663655448128127,-1.11322307114858,0.049080397141630476,0.4099680640375233,0.19931627790678935,-0.05929173070855279,-0.7908769661443984,1.4130846762405083
-0.0845080274046298,0.4549735556279887,-1.125894110586222,0.7922727609685349,1.1022367325853422,-1.9120406734888848,-1.4027033303672383,0.17935749189490582,4.074735109523387,-1.9855965615978535
-0.2973618827735036,-0.25989082602365055,1.3533415650468021,0.3814156963665678,-1.229574253546429,0.4916116936191186,-0.5169919329294346,-1.4340530644727294,1.300519259058698,0.43721328251123004
0.41730200497486253,0.4645283749010566,1.2316114984492872,0.2716974384683931,1.108616757989675,-1.802611192560565,-1.5092625998699485,0.009243740308403671,4.528111572906845,-1.7154923862048765
0.7847706510155895,0.05395715219435282,1.8911023948661096,0.9774903586658719,-0.7029204029101687,2.0414904150882314,0.10246106965023516,-0.14200501336100776,-3.154566484771902,3.6011029129268786
-0.9554252623736892,0.6502316421846429,-0.536124383819948,1.278494608016457,0.7255505180787332,-1.8650461456085816,-2.056448751673196,0.43837943945788027,4.425197909045328,-1.2561779662480983
0.5859104311026156,-2.2270104808085702,6.140257329104473,1.1217332296566456,-0.32420421948521105,-0.08005939967288422,-8.582959606051887,-0.4667693736845171,17.08333886061564,-0.8734323544450915
2.0657833202188343,0.3954347584986142,-2.098659949547815,-1.0160533441434705,0.8143431291489254,-0.9460113059918417,4.460416784076054,-0.5582668537952082,-7.0985213797820155,-1.9088469355270292
-1.471156925832625,2.212686329845948,-2.951964050584057,-2.6740136521217104,0.7804699297583744,-0.10504751106712151,2.672235206139133,-0.7030640339072971,-6.35604650612966,0.186203159217086
-0.8301718953151139,-0.1269236260675653,0.32866528255760474,-0.5000958750077491,-1.4640535735805917,3.65683495048087,2.842408489274044,1.2512639656409306,-8.387062040746482,6.4285736716773005
-0.8805775998441709,-1.1846247254299278,0.5817720821337007,0.0240601203602413,-0.1544911938105286,-0.5863320867547381,-3.3271387168357496,-1.1313224604605951,7.402048335045668,-0.31137603496685595
-0.27909772154329027,0.7315651971227743,-1.2975851171731074,-0.5934271743671746,-0.09243231854158614,0.868145549555127,3.7224017222730357,-0.6746331847776056,-7.803172589355173,-1.065730238224273
1.622849085954001,-1.004302787724726,2.9844424057390997,0.6858390244718082,-0.2378752654568325,-0.312516439456366,-2.9378897098359027,0.17132937157130348,7.527977813053057,0.09879985980523787
0.013352676347176594,-0.971444284268786,1.246416462191121,1.3493298417325676,-0.7556627651019651,0.013361463371932447,-2.7918886641016996,0.13688622017051516,4.903395192461337,-1.4413358200572226
-0.6946935952872263,1.4482933834069347,-0.9587925930248031,-2.3357729422503857,1.8514378945735097,-3.2134853699152757,-1.971851428602224,0.7936608354553617,8.08352561507065,-3.4996874498272152
0.6218035043055724,-1.5897633855109272,4.528027133697208,0.6031532308389029,0.20909667657552103,-0.0933607007528735,-4.8847933533918235,-0.20968396577571854,10.290717270638995,-1.523689076605602
-0.5998045310708474,0.9165109322713437,-3.107716426130958,-0.36519636689619495,1.5550159943330888,-3.304722139998555,1.4977266512762295,0.28977906845161294,0.9188218605589006,-6.283104475307903
1.1234121620219353,-1.6206080772951297,4.249564990251097,1.980013695228367,-0.5691486535119704,0.9302993399148918,-3.732223133478941,0.34018896363750456,7.640085938617304,2.719514042520565
0.30526704024401075,1.3609461946561672,-2.609297069926086,-3.39267624275491,-1.061796761310848,4.075077681906318,7.855673394225549,-1.380651519200861,-18.116178444488586,6.44369429300671
1.3887793963702684,0.055599945157674135,-0.6628546971920725,-0.6460318148397707,0.13224777891978462,0.14599073284806963,1.8464293382199104,-0.4077007844088607,-3.6729630330292746,1.8765591513332314
-0.6613442431530187,-0.0378869185135062,-0.24087513879598657,-0.22366435074009042,-0.5632366041174566,0.1050679579113456,-0.007187944945111338,-0.06347178411927967,-0.15196569203594656,0.39014291941751134
3.0308571123720305,-0.8566078307554186,1.2678287613382053,-1.3638603146618284,2.3901459623335115,-4.6760318817686315,-3.0380001871668707,-1.0107982782836455,12.81940925401166,-6.907155359759681
0.8245846250334574,0.3083978709299184,-1.8329256726413474,0.2048595017630223,0.24542284918911964,-0.04351471415492869,2.741216719710904,2.6280614994303866,-4.441606377360509,2.1840244178750448
0.6545801525867004,0.6126313821386011,-1.673305592590057,0.719738449329459,1.1525991350106037,-2.7197418296748346,-0.47450412810815823,0.3351980449681868,0.17079533697234206,-6.129166630536845
-0.05118844760766421,0.8447814873517168,-0.9964875761556705,-2.6110425454751693,-0.22423577212349852,2.0956389119601333,5.116086364141131,0.6401588028340396,-9.468767246490982,2.8879936121124894
-0.7255971191344275,0.7875646432738755,-0.14882694880131342,-2.1876322756609032,-0.32606130576013626,2.6188423321638736,2.8552084828103093,1.3261031337097844,-8.451886601577693,3.084752062284256
-0.8677686776235903,-0.1893588412282456,1.8369693876774713,1.1019024267204258,-0.030911417604135967,-0.10042672427526744,-4.004265555531739,2.175465617364231,5.9269715935646285,-0.8668389595720671
-0.13597732610058932,0.7092120512302982,-1.9914603677224512,0.5745867416182795,0.35571726157601685,-1.3832529028116531,0.598825925443992,-1.7138900760192022,0.06162821769089477,-4.13697052172271
-0.7972697854931297,-1.0467009879637783,1.9756754338607454,-0.44518087140710805,0.8495868450948219,1.5632986974941565,-0.7861987140626674,-0.7101362412098181,0.3104805676234835,1.4768886852621022
0.28267571224842025,0.9102696489149071,-2.6794941670483734,-1.7073433515533747,-0.1221540151116833,4.420696816024942,6.956844568884375,-1.6663678857465238,-16.820078565461372,6.200789452506206
-0.8260974318473202,1.147197472575702,-1.2638676145791559,-0.24763548561349735,-0.6808515740173174,1.8804072908284057,2.21416167410331,-0.5290936210214282,-8.265716721898778,3.7987381687562607
0.6210827008390084,1.1879362527823025,-4.023481944204491,-1.1822889435529547,-1.0678765764865552,1.3099398963488529,7.619544674621503,-0.5401309858170374,-15.344819478757614,0.3066721165459422
0.9561217041246964,-0.9061278562430245,0.44856460260871645,0.1951314180667154,-0.07667936270573186,-0.8691954860469084,-1.2127546543838665,-1.4414892404298858,4.213411983050456,-0.8756054337702606
-0.7058405074022839,0.4204886196854416,-1.476631564718304,1.261669764870202,0.5729627259567562,-1.2808233275129384,1.0245002918277855,1.3062334752700524,-0.19926498144274674,-1.009735278680545
1.1926860677546935,0.46241920519638996,-0.6731534094730536,-0.0678218201662294,0.45794707630974174,-1.400435355923399,1.1448136521714334,1.2642278943717808,-0.1801015814254363,-0.8676481167892838
-0.23794193575218264,0.3968336584058762,-1.114633745756261,-2.1332131956052076,-0.017817549053938987,1.2697884905232326,4.590765977405261,-1.038435234410964,-9.152428268014583,1.3270808795897664
1.1552878860882252,-0.8101211751544608,1.65293562619264,0.8938521799198048,-0.600138799235613,-1.414396892821054,-2.466423851457092,0.8192937440788488,4.453386625785312,-1.3526931588631845
0.4381663472912375,0.1618984066269676,-0.27618812268608905,-1.5332658261418277,0.14676526338688947,1.1059150162003304,4.9726010976794335,0.6159853536754197,-9.935510849154845,0.6397638757791544
1.1223283216570923,-0.3044821821181084,0.8421047909164006,0.9828014181909475,0.5718048788649898,-0.4796582618505627,-0.4227653889254182,0.8141523412200222,1.7990538906778222,0.3153915190423728
-0.9970197955296825,1.3266267570301151,-3.6871095644880985,-0.06692993484047338,-0.03681765651702741,-1.1034249965358693,3.145882518305986,-1.368493466872102,-4.9296083641769535,-2.405722138306533
-0.10679398677922511,-0.593016349023751,0.8464016229198219,0.9074420624841759,0.11236848879221897,-1.1165057628700035,-3.688251061876354,2.586273791533012,6.843369138652407,-2.3830606059881987
1.4514292605909354,-0.14225895587045706,0.8620651641442534,1.0402997002475576,-0.1505043256504516,-0.7171522783546468,-0.5030648387113608,2.2487378894148238,1.6742893230426104,-1.786508036603433
-0.6180368476815788,0.4980649602428033,-0.7156729004145248,1.570474579842029,0.9154992680625726,-5.185772467806036,-5.522594451106665,-0.24539261264019496,13.658473931778612,-8.759247572455434
-2.037201225680795,1.4334996191948688,-1.7730367803439695,-0.4067447614024663,-0.4382002673386686,0.6040149156959083,0.7567453302065634,-0.5263381482175619,-2.368500810100034,-0.32950198885412996
-1.9425891814764555,0.5718763786496598,-1.889715399687201,-0.8241252709999474,0.1855356209665554,-0.4108010705208927,0.3661084219853171,-1.4587286212193862,0.5820938865968384,-0.15238685479386244
-2.506440652676061,0.9592323183362148,-1.0117643751690215,-1.8517398472246631,0.3944280300121126,-0.9952778664260502,-0.018257967569059064,0.32732180002633016,0.872042697180341,-0.5549400842150102
-2.114163921916826,0.6307666609823499,0.20537999359456305,-0.27427735789017205,0.7255225582535588,-2.0766675875066944,-3.8553247109472117,-0.04577877580624501,5.976894013519503,-2.7711765516739595
-0.41163916318848254,0.17069383274301292,-0.48389986501190385,-1.1700006134144443,1.4958847658844756,-1.8582653505475435,-0.9292171267607372,0.3003437795036542,3.634974394985169,-0.77484139436535
1.2785280828417218,-0.41599962622518694,1.0977390772935653,-1.1098269694822802,0.6754538092042119,-0.24991887363170712,-0.7645678389475056,-0.5934206618327703,2.0702797543193694,-1.4455669356031329
-0.4422292795131728,-0.17996335507844466,0.5850338113530767,-0.31955793126545096,0.5992132354592584,-0.6105047070648909,-1.8112214145560563,-1.3119636645634887,4.087790286341673,-0.5808868512746476
0.3235273536014321,2.7199171891567366,-4.902919428816842,-3.92887425887187,-1.4702370890213132,4.630546897012403,10.932335667869319,-1.570944636027763,-27.314985439289657,6.732616400158516
-0.10999149016360682,-0.8074039945235925,2.002359717209914,-0.6620839011489608,0.6064039443038369,-1.5622736046254078,-1.6799001129688302,-0.7200746101884852,7.124940561562345,-1.106864254736402
0.008548945436024693,-1.1762474037488477,3.8214443829762663,1.4311795839876522,2.293717612357178,-5.074890967438924,-9.996289384015924,0.3714422509303146,25.065057394011397,-6.1107987107509
-0.16819883974471597,-0.7397994026556467,1.9926252832382718,0.10968170540115074,-0.8300109855676734,1.1081951483301866,-3.0235702045020885,-0.21053035194146338,4.411191603973581,3.35302666590883
-0.1741803443079907,-0.6522400058294825,2.1686833158553993,0.20907203521302736,-1.0195198494057163,2.834612197370575,-1.4849223407670449,0.8113878028160559,-0.3264410162649818,3.8108124903134795
0.46116409997701746,-0.14162931892152233,0.6147205730338232,0.08606591378632829,-0.2146538422260227,1.5169330945325081,1.8114074576848442,0.6915264225997859,-4.979274117705297,1.0056260969961381
-1.1759826714413153,1.8212555361654847,-4.683448131275108,-3.394203401380853,1.0212481260989013,-0.3064380432135962,4.075916706489231,0.40701438014798264,-7.762729634690075,0.5306028835191625
1.0101271773347245,1.3531104703122738,-2.2722415414685004,-0.8836397169279803,0.5247504922968238,-2.0796266294441814,3.9582916957770493,0.1594140850803055,-5.021722158798404,-4.288549698452798
0.9200179332477632,-0.06804061099112826,-0.09390592919344781,0.049967707058218826,-0.47712420646933207,1.0544711359900532,0.7589457453344922,1.8637292598587039,-0.8695890242829916,2.2940684967653295
-0.19505734087590118,-2.4334708458039467,4.230740961326685,1.87886521695163,-0.03599018172719132,-1.7615401863567905,-8.556218240580998,2.4357115587682006,18.916230291812234,-3.010843393899727
0.8053934242321815,0.11703962600059564,-1.1283963502666998,0.2503066235086052,1.0370389817739079,-1.2928015779799717,-0.26499228864686564,-0.452526663730867,1.718599599252469,-1.6654403344637407
-0.7013444262571769,-1.077869947610018,2.0848496899318407,-1.3126884510800987,0.672619748121479,0.23946836565637086,-2.0678539335214476,-1.2614263838064455,6.442182401584551,1.1041113990684779
-0.5372230238753384,-0.32239081699232036,0.03717003848865019,2.166734165649182,2.428876969522979,-6.980794317682998,-7.282854994659626,1.103370642323588,18.714234862306196,-9.018988891173805
0.15626385027008327,-1.2015886322726166,4.442299804330498,0.6467086200075498,1.0056866803112163,-1.2524782868771047,-6.4738498353776635,0.6877555117012856,14.525204312113873,-3.228894509339402
-0.1902210250848615,0.4887592169108899,0.6194770711845116,-1.8206608250261165,0.3535672160026291,1.848602465046519,1.1890395087902648,0.5198382529406178,-3.220165366339595,0.7960195270628194
-0.44873803267162277,-0.4776659151378435,0.6881830028187597,0.4892058488868355,0.6147262758274484,-1.0780955585878411,-4.6757463248238995,-0.42180615552523587,10.072639617648607,-1.5401261423237709
-0.6724480387865963,0.9953132382414893,-1.2810139495306283,-2.0581317520040736,-0.34898419091555255,2.5413085559848723,3.6565562611592286,-1.343860223426837,-10.32559762314787,3.822370505357571
-0.5574947217860433,0.6623415740026926,-0.16741763016096822,-0.45730072004267025,-0.977773001532967,1.6100033239603742,1.4802878809766433,-0.22765216571707864,-4.4852176415488705,2.3167552821907975
0.9391687441964878,-0.5517909253104933,0.9304900347803338,0.9768866026959259,0.17195713216759081,-1.7877153212970582,-3.355452593603628,1.8882348140883687,8.638697754376626,-2.855831023121905
-1.9433234056683528,0.7255726922697939,0.3974199324049088,-1.89258517723146,0.4905610438096389,1.4966638441557445,-1.6641007377424561,-0.49604354209472634,2.2710340067569534,1.7591333447997721
0.352494364369333,0.8004226635662097,-0.6783687662080818,0.2125564742666679,-1.395283025065327,2.747513122239816,3.016417644915199,0.7290853619708952,-9.53591436760521,3.3104785029006063
-0.2364369518129867,-0.2936556587734194,0.48546785653635227,0.363276834082348,-0.5223564651356952,0.6713965446004385,1.089146851553521,-0.5064991793385151,-1.6039440652519295,-0.191514012616524
0.7278134999996488,0.6740488647717373,-3.147088482231702,-0.18386633586477896,-0.36925590182896817,0.7427193953891156,6.647666169346348,-0.9082945668739987,-13.719427868090078,0.892511910803197
0.5150736136393657,-0.19027511024916213,-0.5854920384580868,0.5545128712882984,0.2656424025142851,-0.09197637424514427,2.6021133480795076,-0.7144263257783592,-3.7898128268311506,-1.4933014337630846
-2.7825344676529227,1.1929539806921812,-2.066669643029327,-0.43079843052243827,-0.2604660588653798,0.5428754832769075,-0.15088502459198727,-2.3184691915518427,-1.9713194636617557,0.31244787252674683
0.5846466104774262,0.6051896563561123,-1.6483663879074375,0.6418566698081989,0.445096710344572,-1.7363723209390094,1.5864135395440226,-0.5558225154921356,-2.1898466518139994,-4.223114116223026
0.32427424344842104,1.2239020169871704,-2.4679973612942003,-0.10724780441563109,0.09811224622199123,-0.4239667733456749,2.5739974149703686,0.8667901407345112,-5.714570056541263,1.2852270963790515
0.02186283662655242,0.5135556614585927,-1.8141899135455943,0.08085744783028787,1.0603275091568074,-2.2169432072518096,1.3117650010266801,0.05587493498585709,1.6494317837844192,-3.0975127187344706
-0.46867381627789134,0.213930338855531,-0.18084007359858054,-0.9334878651398837,-1.7111676596244927,3.32507366098516,2.570507517570802,-0.990947355431129,-7.626130047812963,4.827597063602656
0.8532812219556223,0.43747167387090685,-1.3330452427753983,-0.05956449881281306,1.6571246380429256,-3.0076319519978574,-1.6328402949660723,-0.06283706414909894,5.737900788740437,-3.8886836824472577
-0.4130293097110322,-1.4083582609441891,1.2633663242412205,0.5557122626082818,1.4176740129993604,-3.514935127496027,-4.214349915132225,0.3460972883279937,11.733820555482588,-4.383045407655645
1.8347176266496867,1.029996840768991,-2.4011657100345767,-2.263139576520128,0.05031708614713537,0.8480207638202613,4.115236157803999,0.48094159766133227,-8.933910517624218,1.4231311856871298
0.5643828554943137,-1.512816697411606,2.4529153950763467,1.1547614634167682,0.6503232142523461,0.043773836383731224,-0.6777079490018445,-0.552036939336571,3.1306233244862813,-0.2941913442518662
2.1378280674394823,0.1941386839111615,-1.9398461887080933,-1.0663096735561997,0.6065484004132948,-0.48066835053531326,7.1088109554943415,-0.1731497205969756,-10.72720329266973,-0.7856046857395329
-0.7855339969202355,-0.3034357853357205,2.0299099353471135,1.3750588700215356,-0.7372896277599319,2.252342714225572,-2.7901971414111277,0.5463884334819401,3.334530867905918,2.5156147061561174
-1.7559256402328518,1.0900643426108578,-2.2556809477364244,-0.8995900512790392,0.16466506584920662,-0.7603274863737994,1.0417422269333863,0.9137993621885245,-2.0240642174919445,-0.4151726305359905
0.7147895974858154,-0.3538146554920537,0.3806013623221787,0.3250130995857755,0.7781741790995664,-0.9170614997068529,-0.5815454150507947,-1.200214274924345,2.2885251526460433,-1.6308282156256424
0.8527040617252863,0.02056706457302926,0.7092500917634539,0.7589443636223984,0.30981675860748836,-1.0432182316179164,-0.8569592579684433,-0.18797532907747017,2.3393154806228997,-1.0026157029293086
0.03536009705475734,-0.8125234794352716,1.5420799910106724,0.22431378150798809,1.0513207678487513,-0.43503036465902056,-1.7272807745575132,-1.764009946853903,4.503487659700636,0.7111543461966332
-1.5387932457446432,-1.649884089463228,4.066306984648382,1.0479185152689943,0.09499611006916124,-1.292130802459133,-9.502882821514039,-0.6769425983650176,18.95407371060342,-2.6191241820817623
-0.4478951847161186,0.5553174274729935,-2.5910354169089116,0.7255984932537693,0.08075098862302005,1.1914236979866717,2.4095466643104286,0.44979569720232704,-6.1891327133960115,1.9528371784766132
0.6179855339203347,-0.8056211415343573,0.5742178444232631,-0.7466983676459308,-0.7678037460245601,1.3241264190124298,1.9542208864510169,1.5932701296288398,-2.7184317435706715,2.0736707684823803
-0.18417632565374534,-0.5875054384656022,1.7199696846071948,-0.40243246408695305,-0.3645380497066375,0.9453737770554691,-1.004196951134702,-0.3006694751994952,2.78251174375772,1.7290767813124295
-0.11598518547239624,-0.6868262640832508,2.8652356665477505,0.40935885044153864,-0.45971768103806804,-0.539897147428761,-4.926845123010733,-0.33803455087135464,9.10018615949022,-0.8149966374878495
-0.1754589686617526,2.042648182791146,-4.05435032935939,-0.830270854181975,1.7054835177554424,-2.745776123663074,1.9180485214701986,-1.1283758968157223,-3.830561728611694,-1.4014230261969163
-0.9339146556265013,-0.2722149745152406,0.7607396752277931,0.4650246087629664,0.24050555214736213,-0.948758984974519,-2.308844696869572,-1.2945867550310293,5.738199183773264,-2.2331283333953125
-0.5330203260835993,0.5037288115638446,-1.8306710717577923,-1.5557999508167444,-0.9994265013581795,1.741086087280365,3.340951598329507,-1.1032802083333517,-6.145905376851063,3.951066604350556
-1.426555420520532,-0.686952357967556,1.3436545588979936,-0.3766215492287216,0.3985983881614373,-2.3668660934790338,-3.5571409137951027,0.5622406340706791,9.608816863331684,-4.306929582134936
1.7679599483110264,0.9362896248200251,-2.581087611461343,0.9541641741592404,-0.1920036966310444,0.6699385737130448,5.965189308144879,-1.9477165560054115,-11.468586470765333,0.22564966054574154
-0.4753728751379821,-0.39848601582537385,0.6365516087999605,0.631340103751951,-3.053764380426305,5.878110486327669,3.5781264278574354,-0.10803215078748377,-13.150491462563147,7.444684547426029
0.47761018181755727,-2.759166350796535,6.2393505086382,1.5631480345571345,0.4798523711538174,-2.56912103722244,-9.637988109436362,-0.44045283772093413,22.35112789635757,-1.3001433346572657
-1.0218859446413093,3.051126062330965,-8.099620180890962,-2.8967104778405535,-1.5526987831768355,4.61796864001196,14.170475221142974,-1.4952724405895494,-32.38443983803607,5.023108386433049
0.7945282396010823,-1.3618620746743817,2.9361268248394605,4.817031994629191,0.578464420256242,-4.794517369534079,-7.643155312750072,0.9858094768760925,18.182540800444304,-8.372692295419379
-1.8731609776353015,1.9306569054556766,-4.664972122141127,-0.18624002419868235,-0.96126359903051,1.7941968518209623,4.879756381015617,-0.8211832243320867,-13.357381284965804,2.079585388384447
0.9206151180549562,0.42750937279563234,-1.5014053757469434,-1.974492722530415,-1.458324460393154,4.226688503353239,5.051110291979062,-1.3941762205620463,-13.606131628672511,4.89555636484471
-0.03536792487871091,0.6639186738320899,-0.18936083607489684,-0.9837153604943336,0.49434165098237876,0.026284807542267585,1.227339219218215,-0.7363146154833832,-3.021720175380517,2.3595953804242344
2.1106050536007097,-0.9320199352204422,2.159053136660113,1.459742614803709,-1.4941937652746844,1.4219548203861938,-0.12539437291401423,-1.3178373679838873,-0.4507899257720577,1.5259686647972928
-1.3065340728440185,0.6228530644346097,-0.31179154583842394,-0.7679521344653824,-0.44669920347712,1.1090658429506755,0.6767451454517688,-1.7638563844842698,-2.911442337497887,0.6747100732101434
0.076380480159592,1.1985844124229064,-4.16039518910413,0.191368906351561,0.20437739492116297,0.011532215374122523,5.085325403342897,-0.7669491525964587,-9.092801050564896,0.9903075753440694
0.3672318138838647,-0.42281935510148166,0.4352284513852589,2.0985600356960674,0.612232523128053,-3.113121540786593,-5.646631702261543,-0.8193331238249131,12.71277580194874,-3.579427451607981
1.2328991923762371,-0.15790438146250546,-0.13793060293713966,0.13241060645273098,0.7448845364406519,-2.0455214008542586,2.5830832517318463,0.9116801798375137,-2.5612072955092744,-4.103026046888764
-0.4228569613907754,1.0686415067401376,-2.72622378202282,-0.5502029548026868,-0.036281288553702225,0.4903299342922932,6.381261745527539,-0.1673411413769939,-12.551660116183136,3.53595716181403
0.08646440652428741,0.054690264764041124,0.3308789956083134,-0.21190422249592372,-0.8323953476886892,2.199269059557122,0.8676350173255248,-1.196958283951394,-5.114935385599946,3.318755893460447
-2.1424667290773685,0.28612718158263645,0.32379802098220434,0.6565669705723582,1.923815425970925,-4.466424808415404,-5.041345875665008,-0.004085732020033067,13.881484215413645,-5.4619990208338765
-0.830168864022708,1.7272219006977172,-4.560432468519263,0.13426312508263982,-0.6059813205385978,1.8591659624697079,6.402426340419798,0.7219795512287144,-14.035417595781368,2.2708794176018294
0.45161595055524156,0.19179185398722526,-1.346158527721373,0.7827513645105514,1.8035889814864974,-3.9632084402484904,-0.9187047476183628,0.6979372968957263,4.360325093705169,-2.846433981122682
1.1041743263032135,-0.49166135280913487,-0.2688596614987494,-0.6942358667272803,-0.4525249732840256,0.6116022668150702,2.3936004492308305,1.6068632173759554,-5.011312842311472,0.955826251668912
-0.28173626906561283,-0.6823831807333035,2.512060846266756,1.2939027810835233,1.1612856933418074,-2.9002543179642144,-5.010350550877806,-0.6017513988443077,13.327290123409059,-3.362405596384502
2.0563555231982935,-1.6881262576911098,2.8607452767843844,0.7559963643922097,1.069965538950133,-3.9464283637613953,-5.682901612178856,1.4003136939737466,15.643637656214878,-7.043106946344375
1.7602492264490932,0.3095362972426786,-0.7203117630562377,1.5036209919426105,-1.0455342473768945,-0.7882417442974163,1.9657382354622153,-0.13564068160226242,-3.114522235496661,-2.5420130055770604
-0.06065249177480989,0.9693993749424503,-2.2705659297895466,-0.290190906441723,0.35528450700622954,-0.15335484377392528,3.509887580493409,0.03128358475106425,-8.957543262863357,-1.662430870112671
-2.4135030011737877,-1.3696404963501818,1.774997798272933,2.141061987647568,0.7553920291908554,-4.527010146659394,-11.14135293884128,-0.5260127464726427,26.00948844597203,-6.123029902517279
-1.7775663758059874,-0.025496061935787795,0.4242414330923127,-0.0009004222003693683,0.7009821215232441,-2.1265622313150407,-2.205782208543458,-1.0383101154294765,7.952480063403296,-2.2050903389821372
-0.7778588266274128,1.2230688011014288,-2.062551179362747,-0.9993813658719957,-0.198937450283896,1.9921267438343344,4.4489090213937335,1.6616070368793614,-10.697931444089974,-0.37565229292324
1.1158411079241686,2.0539455864404896,-3.1656259097262986,-1.1932149273417083,0.3019600454061449,0.4979707924317461,5.235552426733571,1.7060205158217734,-12.614094555344643,0.8282658002915593
0.3102722877837673,2.0473707178463227,-4.31922484744316,-1.6495953227236528,-0.3946896809955576,0.9152233014967233,7.101009585288029,0.03974604108901403,-13.37413606652973,-0.6451954251922964
-2.094247816222812,1.63697211702685,-3.570282741730053,0.2846096367571245,-1.1718133792211223,2.0244441157350828,4.529712699139426,0.8785468085145606,-12.038233625480787,2.7606638415733182
-0.22876582887016242,1.4492625746149115,-3.4833838594385105,-2.288084319731907,0.9840122369402405,-1.880640979360684,3.4370677566542533,-0.1404818595331863,-4.932004952850306,-1.7630088006192866
1.6133613745631155,-1.0629134271731886,3.613482139003108,1.5258298983431753,-0.5596814219185569,-1.0237330192786842,-3.9760325135422594,1.8188907483189838,10.726433750780068,-3.0549654540654494
-0.3748046873026527,0.8989366898507904,-0.7898951314246296,-1.2974218078386095,1.3797581916062172,-1.9746899326457543,-2.3171644209470976,-1.9822346279514238,4.346451301388329,-2.035828260524176
-0.7499696172756662,-0.9882407994293284,1.9356442715313311,1.64241830817987,0.6024509012396099,-1.5660690878590753,-4.716662723257904,1.8851653934095567,11.054570876524604,-1.6562497923562822
2.054624102518116,-1.2438307027357642,3.1360659598538456,-0.8136568319889765,-0.8926466735128841,2.156416328445844,0.919234072224733,-1.8064550170338385,-3.227667113343914,2.8872255311629447
0.05340953679834792,0.3032438180956014,-1.1921926497395952,1.0463605468991644,-0.16119831954123737,-0.4259536124780731,1.5469237017874902,1.7615159584942321,-2.0018120098934546,1.2978468906807552
-0.4791570987860799,2.3269750520093546,-2.598410752647242,-2.1492374667209644,-0.28638491539517374,1.2187586133654476,4.846922624580152,1.8062129219432734,-12.475606470791284,1.9988149373668849
0.3501671588282789,0.6317386539035683,-1.8547545381012631,-1.7331697704260385,-0.8708876496519611,2.7915653921772305,4.639613120444326,-1.5222232069930046,-12.415242678002574,2.2913284045104545
0.017164726374088564,0.2681299123291659,-0.9158261108695892,0.5046821103773506,0.5014295898933301,-0.463680518615453,0.6828803759984959,-0.6304670520462647,0.9054941191497625,-0.296048758225276
-0.42914227823509377,-0.02764609890457531,-0.3157519681557066,-0.16991791040213228,-0.47861407386118443,2.1135118151485566,0.46776938686691594,-0.038690329330752816,-3.0688227948737237,3.020999631717262
1.208456328551963,-1.7235441055331675,5.147534656240387,1.639892948760968,1.6316915136307972,-3.754912701576938,-8.733421917642021,1.089267058723561,19.642846647668208,-4.636869686715942
1.1157018027844863,0.232548206508221,-0.3173875863950617,1.0440398752970443,0.8608912410184296,-2.1504563738252993,-0.8171817302108254,-2.007073564458185,1.6834572712708926,-2.908165299514927
0.8408615581411037,-0.628185722252107,2.3405026134281286,-0.5945031342462621,-0.8801890645415797,2.3863842940336744,0.3167641380071598,-0.2493421574284295,-3.009097972389801,3.9927943362629525
-0.1028872175735376,0.2731942058543741,-0.6563603838778327,-0.9523835183164732,-0.01900052154731654,1.1496214094648471,3.3668707128091384,0.5183374739051854,-5.774265420609986,3.689255811862425
1.146900376399483,-1.2700008901324848,1.326445784608987,1.0845583652208544,-0.22676019216958399,-0.7230912749294118,-0.7869015196626654,0.9540449665667424,3.489102888261853,0.2511724584503736
-0.04970257915867584,0.13775183522237258,0.5000395247912448,0.45859919498418944,-1.5645078538111965,2.3052084680373293,0.015640984709482275,0.7214000016359625,-4.205107792220608,1.7254430514388734
0.46664326722884075,-1.691913358274323,2.7565961210933323,0.6341296675831481,0.9312556787681191,-2.8156750240733697,-6.363584698111993,-0.35406543858410955,17.444443413498377,-4.274471139360371
1.033686867939501,0.1608131629221229,-1.6400752653442499,-0.9202954119016634,0.9498088152113293,-1.8558461298266244,1.1085472200956465,-0.5538482963302307,-0.5710132097758431,-1.511415149462722
0.8088443602656821,1.0512607778820242,-2.5181161488864228,-0.05986476158108833,0.9255012147023857,0.17039799102521003,3.153480347403967,-0.5732302922156756,-6.88142222719106,1.1888815790217764
1.7897546832062712,0.31990979213257187,-0.008016124778101319,0.7306956598128054,-0.4569878575935375,1.1974578215045184,1.134276826832774,2.6425807685106673,-3.507903986894188,3.5879893816148183
0.4512840160401709,1.9640371872763045,-2.1628907701618374,-0.15563145374725362,1.0689859716189178,-2.609461402947654,3.2345428738748785,-1.05488843083448,-5.036205250810667,-2.654500261078115
-1.6840599858682372,0.8835132022809049,-3.1541001324122138,-0.993702452947197,-0.20975293542255413,1.0527108752912788,4.96399735082853,0.08828504817010818,-10.075373782106816,0.6195526229575096
-1.1601701049822761,0.8904377995742883,-3.9795262154746425,-3.286276993945189,0.9351477795910749,0.5697603500578572,5.1587402908355,-0.8272616124052897,-11.553772745065354,0.03224182232149109
1.350106818681726,0.06674820884946386,0.7966911169495531,0.4706144978706661,1.8125278151175406,-3.80717640849147,-2.775293179232524,-0.09066458984560175,5.865403863345001,-4.314108806296422
-0.3312831699326283,-0.7697729483450808,1.8392449850780435,1.368568255957487,0.14010988130475283,-2.074067812559455,-2.223885322119616,0.5335662717417938,7.114568098967894,-1.290433016115817
0.3865391451330911,2.0249364957944533,-4.612419495195027,-3.067879100650486,-1.4191487771444868,6.024561990391606,10.080644588581213,-1.0580158001886684,-26.59546213025452,7.35057640446651
-0.8514556565308268,1.2711864182629258,-2.123429353034653,-0.9147083495684447,-0.31690119652834625,-0.02427128629326547,2.669912637646959,-0.10443183706653347,-5.013634230223489,-0.2355868208582276
1.000881423680301,-0.5750309577438836,1.8792419130257154,0.7299678398433315,0.6409858663835063,-0.7943539208597334,-0.3629703548948293,-0.3356743192728558,1.1446688680722552,-0.5889517278289836
-0.38483224883279044,-0.7751013083680012,3.461916754990825,0.9532040885525486,1.2198743790306215,-2.840922694397514,-7.033276562990673,0.8812955286535563,14.046437982134297,-4.087047116058974
1.4581082386095199,0.0975456889755405,-0.3253886831516497,-0.5418208903872064,-1.133792035393578,1.6646186232824607,2.599049150380566,-0.48477922788983524,-6.320674026013586,2.8237157105083748
-0.5322340208981775,1.034202401923271,-0.7881314853726293,-0.7342793179013876,-0.19054829766145195,0.6523240997463668,2.5763825960313627,-0.05641050565457107,-6.6286880258212815,2.1205462964614767
1.1181333967176956,-0.2332370030291161,0.014611358704665789,0.7848079295384918,0.23333912626012182,-2.7764356612276755,0.846748767056761,0.12706866459011434,1.9416587700219932,-3.9965548850422237
0.6743961048208689,-0.03776563014436041,-0.434154758073225,-1.7463133023276542,0.43499832426284113,0.5314275765677312,2.0711029635517484,1.61382061620608,-1.8748552134168428,-0.7618790852884039
-0.7223919054141509,0.0516536950904494,0.3204896715413706,0.8702414222436622,0.9104236030030839,-1.5302431645219952,-1.338460819561238,1.9890648253229417,2.8613338784697206,-2.1740383968179904
1.0989963327471792,-0.3675174458503088,-0.38010075145784517,-0.07525174184542793,-0.9484396564537968,1.3094037378053818,1.4874046153530496,-1.2110799072273288,-3.701547432467674,1.2742378337955849
-0.901634490475998,1.634404617761489,-4.570020522620445,-0.5277721050894523,-0.4234782972255359,1.424457277915405,6.477829057323902,-0.8804608746066227,-13.366165827383746,1.953269513952916
-0.8224671889042517,1.6736045999374267,-2.3832504298527297,-2.025888740235753,1.0079664776005783,-3.1528969899944705,1.4057152673131554,-1.7756730258483278,-0.7100928016135734,-4.105805187502657
0.7217112921126926,-1.7397215083068969,1.51557202734622,-0.33621976552413413,0.3923349111243075,-1.0653827833467544,-2.3680729442558492,-0.44117739459677163,6.672376285474108,-1.2226078568220253
-0.625342001465988,0.3464373771638819,-0.5793680043075348,0.907221188072695,0.44838065078168743,-2.745484947037719,-2.762448387955889,0.013108431920985875,7.153430349619054,-4.56304467119213
-0.5938430672545096,-1.0069977207014877,1.68879247664052,2.4373387809741747,1.1253234986642537,-2.7077581021758905,-5.022369752346097,-0.35302003477097593,12.589008234314536,-3.365484605768335
-0.3439007092103924,-1.2215506859720424,2.0695223210826863,-0.8946876112340494,0.10405338970908944,0.5503051122660199,-1.2480965237378001,0.1729594929537689,0.9808689577046152,1.6839489324198773
-1.0001691898725158,0.9179209238549944,-3.167727193074405,-2.0180488915520263,0.5280034220718364,0.20126256349038535,3.0269761698795756,-0.8634804972390447,-6.535399157555717,0.00783613155643137
1.0449944096738975,-1.1884155028235175,0.3403848714157838,1.0338172981968357,-0.3145638619172873,-0.23320953016435436,-0.7132435547455199,0.06955290842960138,3.3588387968188034,0.03985072876232543
0.6085146984848496,-3.3553307693482104,6.048218001260844,1.603598082958446,-1.3450100202683752,1.3091512173323947,-6.3280985707676525,-1.6537310410730022,13.474640813017727,1.6202136907544853
-0.06932869669048287,0.6681636782004164,-2.501239674036267,0.23195496570050933,-1.2952578852810872,3.0903904394708457,3.7298957861513413,0.6360471757673618,-10.384529623501006,4.7885360025090655
-0.10839206717353982,1.3181184558501373,-3.0610528982747285,-1.8392602354843817,0.07432055368263171,-0.04603601370144539,3.4461551529216217,-1.2957149464902282,-6.995463411097423,-0.3155028221342999
0.45015551276717897,1.8893651314925388,-3.689829783692949,-2.011444305535879,-0.1995607179962165,2.552096596758166,8.074659825587078,-0.8013951702258696,-19.505967647819144,1.843978173951712
1.7653351005190716,-0.9822291625196533,1.2222487244125513,0.9880538155565883,-0.654603168524978,1.3267059591203911,1.4019883914336764,0.7321167617551773,-2.978175501163427,2.0249683077181433
0.8709698025322423,1.156359995298015,-3.3847162587339996,-3.092523918853585,0.31801429641916884,2.3399929054690527,8.299648991785444,-1.9484853733734684,-15.27370392324965,5.450631231721323
-0.5084571342754007,-2.452248621020611,5.193416704444273,1.618996117609033,-0.8902715521082489,0.3349305220750472,-7.4619577175884615,1.2420078237297598,15.582243675648904,1.4754091278925496
0.7774192052488628,-1.3014343555327614,1.8404386152202732,3.043653597786354,0.11133726638297002,-1.0092301683176188,-1.9465918260492954,0.7048122496596217,3.2072565304595524,-0.494605703620147
-0.11877117210308928,0.5583909464493054,-2.0760582523435174,0.14538193795531423,-0.019522558320273307,0.9478816156776099,3.345114744983998,0.24392159101480362,-8.408162648079877,3.1523812750387243
-0.19899818380372442,0.537584149526732,-1.374075625558675,-1.4241610162046607,-0.8399889146122471,2.9173399900669086,3.770542143326743,-1.6613902335235655,-10.930795555814017,3.515076385507419
1.8664713751521251,0.700913700771207,-1.1160152978745896,0.4918238886955286,-2.298205880537852,5.163684500734076,4.5967780709574235,-1.295387368061574,-13.869999142707142,7.190703501377514
-0.41893789767812306,1.0957399972458577,-0.0822302642449193,1.196817013504406,1.456527386472777,-3.934135496171293,-3.148764446224772,0.22030059374801508,8.56283104865145,-5.560744547987671
-0.47918491512740585,0.07747719488445769,1.4586426070834244,1.213409606007326,0.3166372357039576,-1.4213270255634938,-4.257207992487007,-0.14707819094093466,9.892790704532745,-2.4106474637566353
-1.9521052872452325,2.1771749967818956,-5.6167348786599,-2.3060371594580737,-2.664125939262139,7.80856627761667,11.717060017031594,-0.9740937837390804,-29.42240150646674,10.455315024576873
-1.4023291454531368,1.1519324850790609,-3.6275871790681418,-1.568394263119056,-0.42642861763352236,3.7924188802798975,6.668342114343849,-0.40263780471133004,-17.641405925550906,5.127831195086184
0.4511229387345986,1.5673556247008011,-3.069276813160891,-1.609737470789501,0.39378773124931865,-1.396643912756908,3.0176223026287063,-1.1806076570542732,-4.902332590478483,-2.7459194588823967
-0.6949209011852391,-0.5736244196406866,1.703985346700988,-0.5955059130199182,-0.22814069070045617,1.7362099215717557,-0.7455066680175034,-0.27591685448791375,-0.41033621776745133,3.2845310653101834
0.515413801783241,0.12918166023779548,-0.390009782534706,-0.07292423450290389,0.5803301126032293,-2.310151301532987,-0.8766295473155573,0.4906962503303211,2.408615783588676,-2.8829828002029405
-1.1148710523659369,-0.059556614138496944,2.291418777424964,-0.9585997098005249,-0.9732675852492401,2.642386614112012,1.1474898995439982,-1.0764761963806175,-3.8852769099704716,4.763203003985744
-0.7673098263317347,1.060592631982684,-0.9436298233908826,-1.7138178553434886,0.1751677292180687,0.1396792633389491,0.6629135642960173,-1.1444783201744622,-1.2659019314223807,-0.9928978279645231
0.6745707069560037,-0.443450266892472,2.5267550232609066,0.6714414654986407,-0.053483692735156345,-0.10799045934833099,-2.654180739713125,-0.05427244182740268,4.499106801175233,-0.6205210453458472
1.460892380463078,-0.7367398815545263,1.0552720873696126,0.01889584992124793,-0.1830619869619735,0.03615777031718048,-0.6255711437094046,-0.49852224557279573,3.533856685337221,-0.5873914012624839
0.5924728014240198,-1.5231384690984484,2.148700517044002,0.9999146364830337,-0.22102890178833562,0.19421309881849685,-1.7135793345716723,0.03630121245431295,5.69156275198696,-0.0896488337108984
1.197830841721251,-0.08937027396943203,-0.8915886304922611,2.218840611990152,0.19975955519262756,-1.0985952097122207,-0.4427854481332668,0.3682817190139629,1.1763615458897867,-0.8040362614566277
1.7045941713724069,0.5497141455501706,-1.2129583615941337,-0.06642283472147548,0.9327214136880919,-2.070385487213463,1.5953207619497478,-1.777535370529984,-1.2915382571909242,-3.6546640763756697
1.0400891531540952,0.6629775594729651,-2.58400172447984,0.6661269591053105,-0.5301198002000516,1.2592235216310708,4.890728540829555,1.6448569973900462,-9.642695251329668,2.6138978442890695
-0.918440038300026,-2.7111907324931894,4.787349043510429,2.5815745209660994,-0.4072400240119308,-1.1124948433354516,-8.291553478545712,0.15684865430011266,18.901907792379404,-2.4592751177588283
-0.10534471250754213,-1.5846805215844177,2.737866313595742,1.8559379051718088,0.16056499174251157,-0.7652393748523084,-6.741272160171922,0.32487812054278276,12.992106671279586,0.11033444890119193
0.630195670684911,1.7959710319523885,-2.6468356792705428,-2.769195101018851,-0.12014997562874898,3.1152817828359813,7.904047439513022,-1.6718443774664618,-18.277229605186537,6.130898130384145
-0.4148469012882354,-0.04993369221423835,-0.37303101922878146,-0.5074908551229885,0.38560229234432525,-0.25037055124278884,0.2286615907786892,-0.3794499875591728,1.0515259595671764,1.7272145582428906
0.45194603732122307,-0.2989475337825983,-0.8093058112106138,-0.025885113921121805,0.7182907357543429,-1.1087891045697384,1.7874598668410213,-0.3509784696444004,0.6647753447591385,-2.2004882283133527
-1.5791562853944654,1.689476332432658,-3.825653003407231,-1.7824444113772009,1.2911889028508758,-3.142531954557347,1.02228013737323,-1.3621081277143277,0.8217097909339892,-4.248989141408134
-0.8286279788564058,0.4716768490983545,-0.7545549940051568,-0.5758491018252516,-0.11644414827166405,-0.19602381509787714,0.18332018414770576,-0.3655513270568741,1.0570123624464507,0.37174166826583194
0.528879745585174,-0.8081316665578514,2.176811671882037,0.7988669732923428,-2.2772979966603657,3.1889548321947774,-1.1933052257575938,-1.4732728691337031,-0.37382302209378016,4.214010194815951
-2.2370865111124707,0.5326688674691844,-1.9867530938344746,-0.6437775481348197,-0.06962453945512911,0.3786602164389232,0.2242170614276502,2.1238634480114102,-2.1338205877597414,0.0996755262436902
-1.1077125022845524,2.264823738607751,-3.88123620615841,-1.1011347104938753,0.35387042688284037,-1.3887633270121233,3.948697310590363,-0.003964003718664122,-6.556485457862196,-1.0533909282272154
-0.01771831791014226,-1.3755102311209655,4.137216761257213,0.8397767687095259,-0.18695501653274957,-1.4664150918709793,-6.103642468885535,0.5647126416756891,15.600579316725074,-2.288534301526656
-1.719394474619523,1.8719124642467575,-3.2534519117669927,-0.39611250606448833,-0.15323616176709168,0.457279597803046,2.9296345714461847,0.16913732752953203,-8.759478843948937,0.035776116816815584
0.057120996082092076,-0.331351258168573,0.9013467809015766,0.24889399168436607,-2.432508512647113,4.652604049751385,2.405065065789712,-0.8159359040530304,-7.90544204069985,4.774079766820693
-0.7995474906917599,-0.005849323429502951,-0.43641583529570493,-0.5900513748629629,0.5079843366153792,0.3903855498554427,0.6878911179539704,-0.07011578497374411,-2.513025684070543,2.171794319748882
-0.2915945955008327,1.9596968296703634,-4.52929210232136,-2.8008636798389306,-0.3240323290200066,3.7755766236848833,10.149982633797482,-3.145275262227385,-23.602919909236682,5.386386953077337
-0.25898285340053234,-0.5569140829532987,-0.9163716910647492,-0.32904852825925374,-1.5110766079102027,3.5881447715099624,4.300305317050152,-1.1178912436355428,-9.737313103593605,4.027748075689621
0.1892931975586576,0.7722296851337203,-0.9361594896615636,-0.8648893365122867,-0.8714220655949576,1.8139390654977996,4.831304677721663,0.3945788034348813,-9.396192929274697,4.041900767858868
-0.5637887345823027,-0.1759252149270437,-0.0023389393628971966,1.3411580895818656,-0.8648299414655872,1.498128378710255,0.037564171859881784,-0.10232615229344202,-1.74309943673936,1.8635214584804776
0.08968640732259017,-1.4618350192891354,3.075582740246488,-0.11604490841635151,0.6087490823417022,-1.877468658896418,-3.633457259694759,-2.241413919298921,9.74298540537152,-3.658880934505645
-0.6011568006493835,0.03351127501453649,0.43426763039560135,1.0136563891751094,0.5616380965234054,-1.474124226040177,-2.906579004390012,-1.33943942267282,7.213981086917549,-1.741469819809644
0.5560735100773853,0.9843589139109737,-2.754670255033388,-0.8700669698368557,1.514750382482251,-0.5360933253556339,4.469968230221099,0.6661008204228558,-7.071516524981469,0.00019850867387477544
